,name,date_of_emergence_min,adults_id,well_number,larviposition_id,larviposition_date,larviposition_number,weekend,abortion_stage,abortion,wet_weight,pupa_length,pupa_width,emerged,date_emerged,date_of_death,weekend_death,sex,treatment,weight_emerged,dry_weight,residual_dry_weight,mAgeDays,fat,mAgeBins,pred1,pred2
1,Control,27/07/2018,77,g5,1,13/08/2018,1,1,0,0,32.3,5.92,3.48,0,NA,NA,0,NA,measurment and emergence,NA,NA,NA,17,NA,NA,26.59020088,30.23927945
2,Control,27/07/2018,23,b11,2,14/08/2018,1,0,0,0,28.3,NA,NA,1,13/09/2018,20/09/2018,0,m,emergence only,28.3,NA,NA,18,NA,22,26.96969794,27.64302375
3,Control,27/07/2018,36,c12,3,14/08/2018,1,0,0,0,30,NA,NA,1,11/09/2018,20/09/2018,0,f,emergence only,30,NA,NA,18,NA,22,26.96969794,27.89357246
4,Control,27/07/2018,61,f1,4,14/08/2018,1,0,0,0,29,NA,NA,1,12/09/2018,20/09/2018,0,m,emergence only,29,NA,NA,18,NA,22,26.96969794,26.48962324
5,Control,27/07/2018,67,f7,5,14/08/2018,1,0,0,0,29.8,5.58,3.43,1,10/09/2018,19/09/2018,0,f,measurment and emergence,29.8,NA,NA,18,NA,22,26.96969794,29.03709495
13,Control,27/07/2018,27,c3,13,15/08/2018,1,0,0,0,29.6,NA,NA,1,13/09/2018,21/09/2018,0,m,emergence only,29.6,NA,NA,19,NA,22,27.3411679,28.51976456
14,Control,27/07/2018,53,e5,14,15/08/2018,1,0,0,0,28.1,NA,NA,1,12/09/2018,20/09/2018,0,m,emergence only,28.1,NA,NA,19,NA,22,27.3411679,29.04773354
19,Control,27/07/2018,4,a4,19,16/08/2018,1,0,0,0,30.9,5.86,3.29,1,12/09/2018,20/09/2018,0,f,measurment and emergence,30.9,NA,NA,20,NA,22,27.70461074,27.67239002
20,Control,27/07/2018,21,b9,20,16/08/2018,1,0,0,0,28.7,5.83,3.34,1,13/09/2018,24/09/2018,1,f,measurment and emergence,28.7,NA,NA,20,NA,22,27.70461074,29.15639492
21,Control,27/07/2018,11,a11,21,16/08/2018,1,0,0,0,30,NA,NA,0,NA,NA,0,NA,fat analysis,30,10.5,5.8,20,4.7,22,27.70461074,26.97970409
22,Control,27/07/2018,12,a12,22,16/08/2018,1,0,0,0,26.7,5.68,3.33,1,12/09/2018,21/09/2018,0,f,measurment and emergence,26.7,NA,NA,20,NA,22,27.70461074,28.27736777
23,Control,27/07/2018,17,b5,23,16/08/2018,1,0,0,0,27,NA,NA,0,NA,NA,0,NA,fat analysis,27,9.2,5.8,20,3.4,22,27.70461074,26.16882006
24,Control,27/07/2018,32,c8,24,16/08/2018,1,0,0,0,30.6,5.76,3.47,1,14/09/2018,24/09/2018,1,m,measurment and emergence,30.6,NA,NA,20,NA,22,27.70461074,31.23992115
25,Control,27/07/2018,34,c10,25,16/08/2018,1,0,0,0,30.6,NA,NA,0,NA,NA,0,NA,fat analysis,30.6,6.6,6.3,20,0.3,22,27.70461074,29.30125995
26,Control,27/07/2018,39,d3,26,16/08/2018,1,0,0,0,31.7,NA,NA,0,NA,NA,0,NA,fat analysis,31.7,11,5,20,6,22,27.70461074,28.34687515
27,Control,27/07/2018,40,d4,27,16/08/2018,1,0,0,0,32.5,NA,NA,1,17/09/2018,24/09/2018,1,m,emergence only,32.5,NA,NA,20,NA,22,27.70461074,30.59902657
28,Control,27/07/2018,41,d5,28,16/08/2018,1,0,0,0,25.1,5.7,3.18,1,14/09/2018,24/09/2018,1,m,measurment and emergence,25.1,NA,NA,20,NA,22,27.70461074,27.1946325
29,Control,27/07/2018,43,d7,29,16/08/2018,1,0,0,0,27.5,5.31,3.24,1,13/09/2018,24/09/2018,1,f,measurment and emergence,27.5,NA,NA,20,NA,22,27.70461074,27.90580734
30,Control,27/07/2018,48,d12,30,16/08/2018,1,0,0,0,26,NA,NA,0,NA,NA,0,NA,fat analysis,26,9.2,5.7,20,3.5,22,27.70461074,26.95797768
31,Control,27/07/2018,55,e7,31,16/08/2018,1,0,0,0,28.3,NA,NA,0,NA,NA,0,NA,fat analysis,28.3,10.3,6.3,20,4,22,27.70461074,28.34478674
32,Control,27/07/2018,63,f3,32,16/08/2018,1,0,0,0,27.9,NA,NA,1,17/09/2018,24/09/2018,1,m,emergence only,27.9,NA,NA,20,NA,22,27.70461074,27.64036983
33,Control,27/07/2018,69,f9,33,16/08/2018,1,0,0,0,28.8,5.8,3.35,1,14/09/2018,21/09/2018,0,m,measurment and emergence,28.8,NA,NA,20,NA,22,27.70461074,28.34475831
34,Control,27/07/2018,73,g1,34,16/08/2018,1,0,0,0,32.4,NA,NA,1,17/09/2018,24/09/2018,1,m,emergence only,32.4,NA,NA,20,NA,22,27.70461074,31.00128464
35,Control,27/07/2018,78,g6,35,16/08/2018,1,0,0,0,30.5,NA,NA,0,NA,NA,0,NA,fat analysis,30.5,11,6.9,20,4.1,22,27.70461074,28.90085381
36,Control,27/07/2018,81,g9,36,16/08/2018,1,0,0,0,29.1,5.74,3.34,1,17/09/2018,24/09/2018,0,m,measurment and emergence,29.1,NA,NA,20,NA,22,27.70461074,28.79985752
37,Control,27/07/2018,85,h1,37,16/08/2018,1,0,0,0,27.5,NA,NA,0,NA,NA,0,NA,fat analysis,27.5,9.8,6.2,20,3.6,22,27.70461074,26.2391247
38,Control,27/07/2018,86,h2,38,16/08/2018,1,0,0,0,28.5,NA,NA,0,NA,NA,0,NA,fat analysis,28.5,9.8,6.1,20,3.7,22,27.70461074,28.03790535
39,Control,27/07/2018,87,h3,39,16/08/2018,1,0,0,0,25.8,NA,NA,1,17/09/2018,24/09/2018,1,m,emergence only,25.8,NA,NA,20,NA,22,27.70461074,26.90969402
40,Control,27/07/2018,89,h5,40,16/08/2018,1,0,0,0,33.8,6.18,3.47,1,17/09/2018,24/09/2018,1,m,measurment and emergence,33.8,NA,NA,20,NA,22,27.70461074,30.54755495
41,Control,27/07/2018,91,h7,41,16/08/2018,1,0,0,0,33.2,NA,NA,0,NA,NA,0,NA,fat analysis,33.2,11.7,7.5,20,4.2,22,27.70461074,31.72654534
63,Control,27/07/2018,6,a6,63,17/08/2018,1,0,0,0,24.9,NA,NA,0,NA,NA,0,NA,fat analysis,24.9,8.6,6.2,21,2.4,22,28.06002647,27.45603733
64,Control,27/07/2018,9,a9,64,17/08/2018,1,0,0,0,27.3,NA,NA,1,17/09/2018,24/09/2018,1,m,emergence only,27.3,NA,NA,21,NA,22,28.06002647,28.68278022
65,Control,27/07/2018,10,a10,65,17/08/2018,1,0,0,0,25.3,5.98,3.03,1,17/09/2018,24/09/2018,1,m,measurment and emergence,25.3,NA,NA,21,NA,22,28.06002647,23.19076724
66,Control,27/07/2018,30,c6,66,17/08/2018,1,0,0,0,31,NA,NA,1,17/09/2018,24/09/2018,1,m,emergence only,31,NA,NA,21,NA,22,28.06002647,30.55776752
67,Control,27/07/2018,31,c7,67,17/08/2018,1,0,0,0,31,NA,NA,1,17/09/2018,24/09/2018,1,f,emergence only,31,NA,NA,21,NA,22,28.06002647,30.0370007
68,Control,27/07/2018,44,d8,68,17/08/2018,1,0,0,0,28.5,5.64,3.33,0,NA,NA,0,NA,measurment and emergence,NA,NA,NA,21,NA,22,28.06002647,27.29921378
69,Control,27/07/2018,45,d9,69,17/08/2018,1,0,0,0,26.1,NA,NA,0,NA,NA,0,NA,fat analysis,26.1,9.6,5.9,21,3.7,22,28.06002647,27.390375
70,Control,27/07/2018,46,d10,70,17/08/2018,1,0,0,0,25.5,5.55,3.15,0,NA,NA,0,NA,measurment and emergence,25.5,NA,NA,21,NA,22,28.06002647,28.67256717
71,Control,27/07/2018,52,e4,71,17/08/2018,1,0,0,0,28,NA,NA,1,17/09/2018,24/09/2018,1,f,emergence only,28,NA,NA,21,NA,22,28.06002647,28.46824666
72,Control,27/07/2018,54,e6,72,17/08/2018,1,0,0,0,31.9,NA,NA,0,NA,NA,0,NA,fat analysis,31.9,11.4,7.4,21,4,22,28.06002647,28.4944331
73,Control,27/07/2018,68,f8,73,17/08/2018,1,0,0,0,22.8,5.12,3.17,1,17/09/2018,24/09/2018,1,m,measurment and emergence,22.8,NA,NA,21,NA,22,28.06002647,25.68417594
74,Control,27/07/2018,74,g2,74,17/08/2018,1,0,0,0,29.4,NA,NA,0,NA,NA,0,NA,fat analysis,29.4,10.1,7,21,3.1,22,28.06002647,29.68629693
88,Control,27/07/2018,1,a1,88,18/08/2018,1,1,0,0,29.3,5.74,3.36,1,17/09/2018,25/09/2018,0,f,measurment and emergence,29.3,NA,NA,22,NA,22,28.40741509,28.56049306
89,Control,27/07/2018,2,a2,89,18/08/2018,1,1,0,0,26.2,NA,NA,1,18/09/2018,24/09/2018,1,m,emergence only,26.2,NA,NA,22,NA,22,28.40741509,29.20253315
90,Control,27/07/2018,3,a3,90,19/08/2018,1,1,0,0,32.1,6.08,3.4,1,19/09/2018,28/09/2018,0,m,measurment and emergence,32.1,NA,NA,23,NA,22,28.74677659,29.39370252
91,Control,27/07/2018,8,a8,91,18/08/2018,1,1,0,0,27.2,NA,NA,0,NA,NA,0,NA,fat analysis,27.2,10,6.9,22,3.1,22,28.40741509,28.08342585
92,Control,27/07/2018,18,b6,92,19/08/2018,1,1,0,0,32.6,6.05,3.37,1,19/09/2018,28/09/2018,0,m,measurment and emergence,32.6,NA,NA,23,NA,22,28.74677659,30.73488224
93,Control,27/07/2018,19,b7,93,18/08/2018,1,1,0,0,24.9,5.58,3.32,1,17/09/2018,24/09/2018,1,f,measurment and emergence,24.9,NA,NA,22,NA,22,28.40741509,26.79975323
94,Control,27/07/2018,22,b10,94,19/08/2018,1,1,0,0,23,NA,NA,0,NA,NA,0,NA,fat analysis,23,7.4,5.7,23,1.7,22,28.74677659,26.9300571
95,Control,27/07/2018,24,b12,95,19/08/2018,1,1,0,0,28.4,NA,NA,0,NA,NA,0,NA,fat analysis,28.4,9.7,6.6,23,3.1,22,28.74677659,28.30224893
96,Control,27/07/2018,28,c4,96,19/08/2018,1,1,0,0,28.9,5.94,3.33,1,18/09/2018,25/09/2018,0,m,measurment and emergence,28.9,NA,NA,23,NA,22,28.74677659,28.53378511
97,Control,27/07/2018,35,c11,97,18/08/2018,1,1,0,0,25,5.78,3.24,1,17/09/2018,24/09/2018,1,m,measurment and emergence,25,NA,NA,22,NA,22,28.40741509,26.60358014
98,Control,27/07/2018,47,d11,98,19/08/2018,1,1,0,0,21.1,NA,NA,1,18/09/2018,24/09/2018,1,m,emergence only,21.1,NA,NA,23,NA,22,28.74677659,26.60803824
99,Control,27/07/2018,49,e1,99,18/08/2018,1,1,0,0,26.9,NA,NA,0,NA,NA,0,NA,fat analysis,26.9,9.3,6.4,22,2.9,22,28.40741509,25.69137071
100,Control,27/07/2018,50,e2,100,18/08/2018,1,1,0,0,26.9,NA,NA,0,NA,NA,0,NA,fat analysis,26.9,9.8,6.3,22,3.5,22,28.40741509,29.28570945
101,Control,27/07/2018,56,e8,101,20/08/2018,1,1,0,0,26.8,5.55,3.22,1,17/09/2018,24/09/2018,1,f,measurment and emergence,26.8,NA,NA,24,NA,22,29.07811099,28.09843586
102,Control,27/07/2018,58,e10,102,20/08/2018,1,1,0,0,31.9,NA,NA,0,NA,NA,0,NA,fat analysis,31.9,10.3,7,24,3.3,22,29.07811099,28.89891658
103,Control,27/07/2018,59,e11,103,19/08/2018,1,1,0,0,31.3,NA,NA,0,NA,NA,0,NA,fat analysis,31.3,11.5,7.7,23,3.8,22,28.74677659,29.43254923
104,Control,27/07/2018,60,e12,104,20/08/2018,1,1,0,0,30.4,5.8,3.36,1,17/09/2018,27/09/2018,0,f,measurment and emergence,30.4,NA,NA,24,NA,22,29.07811099,28.95402579
105,Control,27/07/2018,64,f4,105,18/08/2018,1,1,0,0,31.1,NA,NA,0,NA,NA,0,NA,fat analysis,31.1,11.3,7.5,22,3.8,22,28.40741509,32.02425323
106,Control,27/07/2018,65,f5,106,19/08/2018,1,1,0,0,32,NA,NA,1,19/09/2018,28/09/2018,0,m,emergence only,32,NA,NA,23,NA,22,28.74677659,31.5906712
107,Control,27/07/2018,66,f6,107,19/08/2018,1,1,0,0,26.5,NA,NA,0,NA,NA,0,NA,fat analysis,26.5,9,5.8,23,3.2,22,28.74677659,27.4686066
108,Control,27/07/2018,75,g3,108,19/08/2018,1,1,0,0,29.4,5.62,3.43,1,18/09/2018,26/09/2018,0,f,measurment and emergence,29.4,NA,NA,23,NA,22,28.74677659,28.25431361
109,Control,27/07/2018,79,g7,109,18/08/2018,1,1,0,0,20.5,NA,NA,0,NA,NA,0,NA,fat analysis,20.5,7,4.6,22,2.4,22,28.40741509,23.50485844
110,Control,27/07/2018,83,g11,110,20/08/2018,1,1,0,0,31.6,NA,NA,0,NA,NA,0,NA,fat analysis,31.6,11.7,7.4,24,4.3,22,29.07811099,28.71887522
111,Control,27/07/2018,88,h4,111,18/08/2018,1,1,0,0,33.2,NA,NA,0,NA,NA,0,NA,fat analysis,33.2,12.1,7.8,22,4.3,22,28.40741509,31.21759407
112,Control,27/07/2018,93,h9,112,18/08/2018,1,1,0,0,27.3,NA,NA,1,17/09/2018,24/09/2018,0,m,emergence only,27.3,NA,NA,22,NA,22,28.40741509,27.45840607
131,Control,27/07/2018,57,e9,131,21/08/2018,1,0,0,0,26.1,NA,NA,1,18/09/2018,26/09/2018,0,f,emergence only,26.1,NA,NA,25,NA,22,29.40141827,28.66558078
132,Control,27/07/2018,62,f2,132,21/08/2018,1,0,0,0,21,NA,NA,1,20/09/2018,25/09/2018,0,m,emergence only,21,NA,NA,25,NA,22,29.40141827,26.48601721
133,Control,27/07/2018,71,f11,133,21/08/2018,1,0,0,0,28.5,NA,NA,1,20/09/2018,28/09/2018,0,m,emergence only,28.5,NA,NA,25,NA,22,29.40141827,29.5619287
134,Control,27/07/2018,72,f12,134,21/08/2018,1,0,0,0,28.4,NA,NA,0,NA,NA,0,NA,fat analysis,28.4,9.9,6.5,25,3.4,22,29.40141827,31.98751958
135,Control,27/07/2018,80,g8,135,21/08/2018,1,0,0,0,27.4,NA,NA,1,18/09/2018,25/09/2018,0,f,emergence only,27.4,NA,NA,25,NA,22,29.40141827,28.06318092
136,Control,27/07/2018,42,d6,136,21/08/2018,1,0,0,0,28.4,5.72,3.25,1,21/09/2018,28/09/2018,0,m,measurment and emergence,28.4,NA,NA,25,NA,22,29.40141827,29.58765738
138,Control,27/07/2018,96,h12,138,21/08/2018,1,0,0,0,26.4,5.71,3.19,1,21/09/2018,28/09/2018,0,m,measurment and emergence,26.4,NA,NA,25,NA,22,29.40141827,29.01341375
142,Control,27/07/2018,29,c5,142,22/08/2018,1,0,0,0,31.7,5.88,3.19,1,24/09/2018,01/10/2018,1,m,measurment and emergence,31.7,NA,NA,26,NA,22,29.71669844,30.99549954
144,Control,27/07/2018,25,c1,144,23/08/2018,1,0,0,0,28.1,NA,NA,1,24/09/2018,01/10/2018,1,m,emergence only,28.1,NA,NA,27,NA,22,30.02395149,30.0407505
145,Control,27/07/2018,26,c2,145,23/08/2018,1,0,0,0,27.4,NA,NA,0,NA,NA,0,NA,fat analysis,27.4,9,5.8,27,3.2,22,30.02395149,28.34019916
146,Control,27/07/2018,77,g5,146,23/08/2018,2,0,0,0,35.1,NA,NA,1,21/09/2018,01/10/2018,1,f,emergence only,35.1,NA,NA,27,NA,22,30.02395149,33.25390443
150,Control,27/07/2018,23,b11,150,24/08/2018,2,0,0,0,29.3,5.57,3.38,1,24/09/2018,01/10/2018,1,m,measurment and emergence,29.3,NA,NA,28,NA,32,30.32317744,31.17666258
151,Control,27/07/2018,67,f7,151,24/08/2018,2,0,0,0,32.9,5.89,3.43,1,24/09/2018,01/10/2018,1,m,measurment and emergence,32.9,NA,NA,28,NA,32,30.32317744,32.05118345
152,Control,27/07/2018,94,h10,152,24/08/2018,1,0,0,0,23.9,NA,NA,1,20/09/2018,25/09/2018,0,f,emergence only,23.9,NA,NA,28,NA,32,30.32317744,28.58725287
158,Control,27/07/2018,90,h6,158,18/08/2018,1,0,0,0,22.2,5.52,3.17,1,17/09/2018,24/09/2018,1,f,measurment and emergence,22.2,NA,NA,22,NA,22,28.40741509,25.54030159
159,Control,27/07/2018,5,a5,159,27/08/2018,1,1,0,0,31.7,NA,NA,0,NA,NA,0,NA,fat analysis,31.7,11,7.2,31,3.8,32,31.1726926,33.12351286
160,Control,27/07/2018,6,a6,160,27/08/2018,2,1,0,0,33.3,NA,NA,0,NA,NA,0,NA,fat analysis,33.3,11.6,7.4,31,4.2,32,31.1726926,30.34059431
161,Control,27/07/2018,12,a12,161,26/08/2018,2,1,0,0,32.5,NA,NA,0,NA,NA,0,NA,fat analysis,32.5,12,7.5,30,4.5,32,30.89754799,31.47268256
162,Control,27/07/2018,16,b4,162,27/08/2018,2,1,0,0,31,5.88,3.2,1,27/09/2018,04/10/2018,0,m,measurment and emergence,31,NA,NA,31,NA,32,31.1726926,33.02820737
163,Control,27/07/2018,17,b5,163,27/08/2018,2,1,0,0,28.1,5.55,3.26,1,25/09/2018,04/10/2018,0,m,measurment and emergence,28.1,NA,NA,31,NA,32,31.1726926,29.63695699
164,Control,27/07/2018,21,b9,164,26/08/2018,2,1,0,0,35.4,NA,NA,0,NA,NA,0,NA,fat analysis,35.4,12.8,8.4,30,4.4,32,30.89754799,32.20609975
165,Control,27/07/2018,27,c3,165,27/08/2018,2,1,0,0,33.4,NA,NA,0,NA,NA,0,NA,fat analysis,33.4,11.5,7.4,31,4.1,32,31.1726926,32.09513769
166,Control,27/07/2018,31,c7,166,27/08/2018,2,1,0,0,32.9,5.87,3.54,1,27/09/2018,08/10/2018,1,m,measurment and emergence,32.9,NA,NA,31,NA,32,31.1726926,33.12938047
167,Control,27/07/2018,32,c8,167,27/08/2018,2,1,0,0,37.2,NA,NA,1,24/09/2018,03/10/2018,0,f,emergence only,37.2,NA,NA,31,NA,32,31.1726926,34.84126288
168,Control,27/07/2018,34,c10,168,26/08/2018,2,1,0,0,32.8,NA,NA,0,NA,NA,0,NA,fat analysis,32.8,11.9,7.6,30,4.3,32,30.89754799,32.25954221
169,Control,27/07/2018,36,c12,169,25/08/2018,2,1,0,0,28.7,5.81,3.43,1,25/09/2018,03/10/2018,0,m,measurment and emergence,28.7,NA,NA,29,NA,32,30.61437627,31.50299465
170,Control,27/07/2018,40,d4,170,27/08/2018,2,1,0,0,35.7,6.02,3.6,0,NA,NA,0,NA,measurment and emergence,NA,NA,NA,31,NA,32,31.1726926,33.89757449
171,Control,27/07/2018,41,d5,171,27/08/2018,2,1,0,0,31.7,5.53,3.5,1,27/09/2018,05/10/2018,0,m,measurment and emergence,31.7,NA,NA,31,NA,32,31.1726926,30.30775746
172,Control,27/07/2018,43,d7,172,27/08/2018,2,1,0,0,33.4,5.96,3.33,1,27/09/2018,05/10/2018,0,m,measurment and emergence,33.4,NA,NA,31,NA,32,31.1726926,31.2856992
173,Control,27/07/2018,46,d10,173,27/08/2018,2,1,0,0,34.3,NA,NA,1,27/09/2018,08/10/2018,1,m,emergence only,34.3,NA,NA,31,NA,32,31.1726926,31.91822649
175,Control,27/07/2018,53,e5,175,27/08/2018,2,1,0,0,32,NA,NA,1,26/09/2018,05/10/2018,0,m,emergence only,32,NA,NA,31,NA,32,31.1726926,33.11000643
176,Control,27/07/2018,55,e7,176,26/08/2018,2,1,0,0,31.9,NA,NA,0,NA,NA,0,NA,fat analysis,31.9,11.7,8.2,30,3.5,32,30.89754799,31.66802549
177,Control,27/07/2018,61,f1,177,26/08/2018,2,1,0,0,25.7,NA,NA,1,26/09/2018,04/10/2018,0,m,emergence only,25.7,NA,NA,30,NA,32,30.89754799,30.25902597
178,Control,27/07/2018,63,f3,178,26/08/2018,2,1,0,0,32.6,NA,NA,0,NA,NA,0,NA,fat analysis,32.6,12.3,7.5,30,4.8,32,30.89754799,30.68729343
179,Control,27/07/2018,69,f9,179,26/08/2018,2,1,0,0,32.3,NA,NA,1,24/09/2018,02/10/2018,0,f,emergence only,32.3,NA,NA,30,NA,32,30.89754799,31.47179511
180,Control,27/07/2018,73,g1,180,26/08/2018,2,1,0,0,34.1,NA,NA,0,NA,NA,0,NA,fat analysis,34.1,12.1,7.8,30,4.3,32,30.89754799,34.29883976
181,Control,27/07/2018,74,g2,181,27/08/2018,2,1,0,0,34,6,3.61,0,NA,NA,0,NA,measurment and emergence,NA,NA,NA,31,NA,32,31.1726926,32.62543377
182,Control,27/07/2018,81,g9,182,27/08/2018,2,1,0,0,31.3,NA,NA,0,NA,NA,0,NA,fat analysis,31.3,10.8,6.9,31,3.9,32,31.1726926,32.04078442
183,Control,27/07/2018,85,h1,183,26/08/2018,2,1,0,0,27.2,5.53,3.41,1,24/09/2018,03/10/2018,0,f,measurment and emergence,27.2,NA,NA,30,NA,32,30.89754799,29.45273956
184,Control,27/07/2018,86,h2,184,26/08/2018,2,1,0,0,32.2,NA,NA,0,NA,NA,0,NA,fat analysis,32.2,11.3,7.4,30,3.9,32,30.89754799,30.95117002
185,Control,27/07/2018,87,h3,185,26/08/2018,2,1,0,0,33.2,NA,NA,0,NA,NA,0,NA,fat analysis,33.2,11.5,6.2,30,5.3,32,30.89754799,30.08221032
186,Control,27/07/2018,91,h7,186,26/08/2018,2,1,0,0,33.6,NA,NA,1,27/09/2018,08/10/2018,1,m,emergence only,33.6,NA,NA,30,NA,32,30.89754799,35.03645144
213,Control,27/07/2018,2,a2,214,28/08/2018,2,0,0,0,31.5,NA,NA,1,01/10/2018,08/10/2018,1,m,emergence only,31.5,NA,NA,32,NA,32,31.4398101,32.64977367
214,Control,27/07/2018,9,a9,215,28/08/2018,2,0,0,0,31.7,NA,NA,1,26/09/2018,04/10/2018,0,f,emergence only,31.7,NA,NA,32,NA,32,31.4398101,32.21450823
215,Control,27/07/2018,11,a11,216,28/08/2018,2,0,0,0,24.5,NA,NA,1,27/09/2018,04/10/2018,0,m,emergence only,24.5,NA,NA,32,NA,32,31.4398101,31.10668136
216,Control,27/07/2018,30,c6,217,28/08/2018,2,0,0,0,35,NA,NA,1,28/09/2018,08/10/2018,1,m,emergence only,35,NA,NA,32,NA,32,31.4398101,33.91252076
217,Control,27/07/2018,44,d8,218,28/08/2018,2,0,0,0,30.7,NA,NA,0,NA,NA,0,NA,fat analysis,30.7,11,6.4,32,4.6,32,31.4398101,30.97873297
218,Control,27/07/2018,45,d9,219,28/08/2018,2,0,0,0,30.5,5.71,3.43,1,26/09/2018,05/10/2018,0,f,measurment and emergence,30.5,NA,NA,32,NA,32,31.4398101,30.82216061
219,Control,27/07/2018,50,e2,220,28/08/2018,2,0,0,0,37.4,6.14,3.64,1,26/09/2018,05/10/2018,0,f,measurment and emergence,37.4,NA,NA,32,NA,32,31.4398101,32.19928961
220,Control,27/07/2018,76,g4,221,28/08/2018,1,0,0,0,31.8,5.76,3.49,1,25/09/2018,03/10/2018,0,f,measurment and emergence,31.8,NA,NA,32,NA,32,31.4398101,30.07993195
221,Control,27/07/2018,88,h4,222,28/08/2018,2,0,0,0,33.3,5.87,3.29,1,25/09/2018,04/10/2018,0,f,measurment and emergence,33.3,NA,NA,32,NA,32,31.4398101,33.71879958
240,Control,27/07/2018,1,a1,241,29/08/2018,2,0,0,0,33.5,6.03,3.53,1,26/09/2018,08/10/2018,1,f,measurment and emergence,33.5,NA,NA,33,NA,32,31.69890048,31.33550373
241,Control,27/07/2018,18,b6,242,29/08/2018,2,0,0,0,34.8,NA,NA,0,NA,NA,0,NA,fat analysis,34.8,12.9,8.4,33,4.5,32,31.69890048,33.52024895
242,Control,27/07/2018,28,c4,243,29/08/2018,2,0,0,0,32.3,NA,NA,0,NA,NA,0,NA,fat analysis,32.3,11.7,7.4,33,4.3,32,31.69890048,31.37782366
243,Control,27/07/2018,38,d2,244,29/08/2018,1,0,0,0,28.7,5.73,3.18,1,01/10/2018,08/10/2018,1,m,measurment and emergence,28.7,NA,NA,33,NA,32,31.69890048,30.34424889
244,Control,27/07/2018,47,d11,245,29/08/2018,2,0,0,0,32.6,NA,NA,1,28/09/2018,08/10/2018,1,m,emergence only,32.6,NA,NA,33,NA,32,31.69890048,29.84078988
245,Control,27/07/2018,48,d12,246,29/08/2018,2,0,0,0,31.5,NA,NA,1,28/09/2018,08/10/2018,1,m,emergence only,31.5,NA,NA,33,NA,32,31.69890048,31.3408088
246,Control,27/07/2018,54,e6,247,29/08/2018,2,0,0,0,30.5,5.81,3.42,1,28/09/2018,05/10/2018,0,m,measurment and emergence,30.5,NA,NA,33,NA,32,31.69890048,32.13058786
247,Control,27/07/2018,78,g6,248,29/08/2018,2,0,0,0,29.5,NA,NA,0,NA,NA,0,NA,fat analysis,29.5,9.9,NA,33,NA,32,31.69890048,32.69585883
252,Control,27/07/2018,8,a8,253,30/08/2018,2,0,0,0,30.8,5.98,3.29,1,01/10/2018,08/10/2018,1,m,measurment and emergence,30.8,NA,NA,34,NA,32,31.94996376,31.65285838
253,Control,27/07/2018,22,b10,254,30/08/2018,2,0,0,0,32.8,NA,NA,0,NA,NA,0,NA,fat analysis,32.8,10.9,7.1,34,3.8,32,31.94996376,30.2478395
254,Control,27/07/2018,35,c11,255,30/08/2018,2,0,0,0,28.9,5.71,3.18,1,27/09/2018,08/10/2018,1,f,measurment and emergence,28.9,NA,NA,34,NA,32,31.94996376,30.44591236
255,Control,27/07/2018,59,e11,256,30/08/2018,2,0,0,0,32.5,NA,NA,0,NA,NA,0,NA,fat analysis,32.5,11.8,7.2,34,4.6,32,31.94996376,32.59054346
256,Control,27/07/2018,64,f4,257,30/08/2018,2,0,0,0,38.8,NA,NA,0,NA,NA,0,NA,fat analysis,38.8,13,8.2,34,4.8,32,31.94996376,35.13620196
257,Control,27/07/2018,65,f5,258,30/08/2018,2,0,0,0,38.8,NA,NA,1,28/09/2018,08/10/2018,1,f,emergence only,38.8,NA,NA,34,NA,32,31.94996376,34.68587925
258,Control,27/07/2018,70,f10,259,30/08/2018,1,0,0,0,30.5,5.95,3.3,1,28/09/2018,08/10/2018,1,f,measurment and emergence,30.5,NA,NA,34,NA,32,31.94996376,32.13326466
259,Control,27/07/2018,75,g3,260,30/08/2018,2,0,0,0,31,5.62,3.47,1,28/09/2018,08/10/2018,1,f,measurment and emergence,31,NA,NA,34,NA,32,31.94996376,31.28648729
260,Control,27/07/2018,79,g7,261,30/08/2018,2,0,0,0,24.5,5.54,2.99,1,01/10/2018,08/10/2018,1,m,measurment and emergence,24.5,NA,NA,34,NA,32,31.94996376,27.50993848
261,Control,27/07/2018,83,g11,262,30/08/2018,2,0,0,0,32,5.97,3.38,1,01/10/2018,08/10/2018,1,m,measurment and emergence,32,NA,NA,34,NA,32,31.94996376,31.48850408
262,Control,27/07/2018,93,h9,263,30/08/2018,2,0,0,0,30.1,NA,NA,0,NA,NA,0,NA,fat analysis,30.1,10.3,9.7,34,0.6,32,31.94996376,30.45148333
264,Control,27/07/2018,10,a10,265,30/08/2018,2,0,0,0,14.5,NA,NA,0,NA,NA,0,NA,fat analysis,14.5,4.4,3.2,34,1.2,32,31.94996376,27.88349851
265,Control,27/07/2018,49,e1,266,30/08/2018,2,0,0,0,23.2,NA,NA,1,27/09/2018,04/10/2018,0,f,emergence only,23.2,NA,NA,34,NA,32,31.94996376,29.20717116
275,Control,27/07/2018,19,b7,276,31/08/2018,2,0,0,0,30.5,NA,NA,1,01/10/2018,08/10/2018,1,m,emergence only,30.5,NA,NA,35,NA,32,32.19299992,30.65155594
276,Control,27/07/2018,24,b12,277,31/08/2018,2,0,0,0,29.9,NA,NA,0,NA,NA,0,NA,fat analysis,29.9,10.3,NA,35,NA,32,32.19299992,31.51478718
277,Control,27/07/2018,58,e10,278,31/08/2018,2,0,0,0,29.6,NA,NA,0,NA,NA,0,NA,fat analysis,29.6,10.3,8.4,35,1.9,32,32.19299992,32.40320051
278,Control,27/07/2018,66,f6,279,31/08/2018,2,0,0,0,32.3,6.14,3.28,1,01/10/2018,09/10/2018,0,m,measurment and emergence,32.3,NA,NA,35,NA,32,32.19299992,30.9487962
279,Control,27/07/2018,71,f11,280,31/08/2018,2,0,0,0,34.4,NA,NA,0,NA,NA,0,NA,fat analysis,34.4,13,7.1,35,5.9,32,32.19299992,32.66644902
292,Control,27/07/2018,3,a3,293,03/09/2018,2,1,0,0,31.7,5.95,3.34,1,01/10/2018,09/10/2018,0,f,measurment and emergence,31.7,NA,NA,38,NA,42,32.87394573,33.06839812
293,Control,27/07/2018,13,b1,294,01/09/2018,2,1,0,0,27.8,NA,NA,1,01/10/2018,09/10/2018,0,m,emergence only,27.8,NA,NA,36,NA,32,32.42800897,31.35457381
294,Control,27/07/2018,15,b3,295,03/09/2018,1,1,0,0,33.3,NA,NA,0,NA,NA,0,NA,fat analysis,33.3,11.8,7.8,38,4,42,32.87394573,32.83013671
295,Control,27/07/2018,20,b8,296,03/09/2018,2,1,0,0,28.4,NA,NA,0,NA,NA,0,NA,fat analysis,28.4,9.9,6.5,38,3.4,42,32.87394573,31.0591974
296,Control,27/07/2018,25,c1,297,02/09/2018,2,1,0,0,35.4,NA,NA,1,01/10/2018,09/10/2018,0,f,emergence only,35.4,NA,NA,37,NA,32,32.6549909,32.79441329
297,Control,27/07/2018,26,c2,298,03/09/2018,2,1,0,0,31.1,NA,NA,0,NA,NA,0,NA,fat analysis,31.1,11.1,7.5,38,3.6,42,32.87394573,31.19847997
298,Control,27/07/2018,29,c5,299,01/09/2018,2,1,0,0,31.1,NA,NA,0,NA,NA,0,NA,fat analysis,31.1,11.1,7.5,36,3.6,32,32.42800897,33.75289772
299,Control,27/07/2018,42,d6,300,01/09/2018,2,1,0,0,31,NA,NA,0,NA,NA,0,NA,fat analysis,31,10.7,7.5,36,3.2,32,32.42800897,33.01157629
300,Control,27/07/2018,57,e9,301,02/09/2018,2,1,0,0,33.2,NA,NA,0,NA,NA,0,NA,fat analysis,33.2,11.9,8.1,37,3.8,32,32.6549909,32.22888327
301,Control,27/07/2018,60,e12,302,01/09/2018,2,1,0,0,30.2,6.02,3.43,1,01/10/2018,08/10/2018,1,f,measurment and emergence,30.2,NA,NA,36,NA,32,32.42800897,32.21880757
302,Control,27/07/2018,62,f2,303,02/09/2018,2,1,0,0,30.6,5.82,3.49,1,02/10/2018,09/10/2018,0,m,measurment and emergence,30.6,NA,NA,37,NA,32,32.6549909,29.9317764
303,Control,27/07/2018,67,f7,304,03/09/2018,3,1,0,0,36.7,NA,NA,0,NA,NA,0,NA,fat analysis,36.7,13.6,8.6,38,5,42,32.87394573,34.24248214
304,Control,27/07/2018,72,f12,305,03/09/2018,2,1,0,0,38.5,NA,NA,0,NA,NA,0,NA,fat analysis,38.5,12.9,8.4,38,4.5,42,32.87394573,35.83567536
305,Control,27/07/2018,77,g5,306,03/09/2018,3,1,0,0,37,6.01,3.59,1,03/10/2018,12/10/2018,0,m,measurment and emergence,37,NA,NA,38,NA,42,32.87394573,35.62272439
306,Control,27/07/2018,80,g8,307,01/09/2018,2,1,0,0,28.8,NA,NA,1,02/10/2018,11/10/2018,0,m,emergence only,28.8,NA,NA,36,NA,32,32.42800897,31.37085349
307,Control,27/07/2018,84,g12,308,03/09/2018,2,1,0,0,29.6,NA,NA,1,03/10/2018,10/10/2018,0,m,emergence only,29.6,NA,NA,38,NA,42,32.87394573,32.04571952
308,Control,27/07/2018,90,h6,309,01/09/2018,3,1,0,0,28.5,NA,NA,0,NA,NA,0,NA,emergence only,NA,NA,NA,36,NA,32,32.42800897,29.90734334
309,Control,27/07/2018,95,h11,310,01/09/2018,1,1,0,0,28.9,NA,NA,0,NA,NA,0,NA,fat analysis,28.9,10.2,6.8,36,3.4,32,32.42800897,31.7411292
310,Control,27/07/2018,96,h12,311,01/09/2018,2,1,0,0,34.9,NA,NA,1,02/10/2018,12/10/2018,0,m,emergence only,34.9,NA,NA,36,NA,32,32.42800897,32.33928044
331,Control,27/07/2018,7,a7,332,04/09/2018,1,0,0,0,32,NA,NA,0,NA,NA,0,NA,fat analysis,32,NA,NA,39,NA,42,33.08487344,32.24930396
332,Control,27/07/2018,23,b11,333,04/09/2018,3,0,0,0,35.1,5.97,3.56,1,04/10/2018,15/10/2018,1,m,measurment and emergence,35.1,NA,NA,39,NA,42,33.08487344,34.14946876
333,Control,27/07/2018,94,h10,334,04/09/2018,2,0,0,0,32,NA,NA,0,NA,NA,0,NA,fat analysis,32,11.5,7.2,39,4.3,42,33.08487344,31.77542233
344,Control,27/07/2018,12,a12,345,05/09/2018,3,0,0,0,36,6.22,3.57,1,03/10/2018,14/10/2018,1,f,measurment and emergence,36,NA,NA,40,NA,42,33.28777404,33.86223398
345,Control,27/07/2018,21,b9,346,05/09/2018,3,0,0,0,33.9,5.84,3.53,1,05/10/2018,14/10/2018,1,m,measurment and emergence,33.9,NA,NA,40,NA,42,33.28777404,34.44618631
346,Control,27/07/2018,55,e7,347,05/09/2018,3,0,0,0,35,5.84,3.57,1,04/10/2018,14/10/2018,1,f,measurment and emergence,35,NA,NA,40,NA,42,33.28777404,34.19865731
347,Control,27/07/2018,61,f1,348,05/09/2018,3,0,0,0,33.4,NA,NA,1,08/10/2018,14/10/2018,1,m,emergence only,33.4,NA,NA,40,NA,42,33.28777404,32.51180472
348,Control,27/07/2018,69,f9,349,05/09/2018,3,0,0,0,34.7,5.84,3.65,1,04/10/2018,12/10/2018,0,f,measurment and emergence,34.7,NA,NA,40,NA,42,33.28777404,33.79451096
349,Control,27/07/2018,73,g1,350,05/09/2018,3,0,0,0,36.1,NA,NA,1,03/10/2018,14/10/2018,1,f,emergence only,36.1,NA,NA,40,NA,42,33.28777404,36.79405452
350,Control,27/07/2018,85,h1,351,05/09/2018,3,0,0,0,29.5,NA,NA,0,NA,NA,0,NA,fat analysis,29.5,10.7,6.5,40,4.2,42,33.28777404,31.86631401
363,Control,27/07/2018,6,a6,364,06/09/2018,3,0,0,0,33.2,NA,NA,1,04/10/2018,14/10/2018,1,f,emergence only,33.2,NA,NA,41,NA,42,33.48264753,32.40715522
364,Control,27/07/2018,16,b4,365,06/09/2018,3,0,0,0,38.4,NA,NA,0,NA,NA,0,NA,fat analysis,38.4,14.1,9.5,41,4.6,42,33.48264753,35.30432409
365,Control,27/07/2018,27,c3,366,06/09/2018,3,0,0,0,31.9,NA,NA,1,08/10/2018,14/10/2018,1,m,emergence only,31.9,NA,NA,41,NA,42,33.48264753,34.17881156
366,Control,27/07/2018,31,c7,367,06/09/2018,3,0,0,0,35.7,6.26,3.54,1,08/10/2018,16/10/2018,0,m,measurment and emergence,35.7,NA,NA,41,NA,42,33.48264753,35.41654353
367,Control,27/07/2018,32,c8,368,06/09/2018,3,0,0,0,38.4,NA,NA,0,NA,NA,0,NA,fat analysis,38.4,14,13.6,41,0.4,42,33.48264753,37.2757599
368,Control,27/07/2018,34,c10,369,06/09/2018,3,0,0,0,35.2,5.65,3.38,1,04/10/2018,14/10/2018,1,f,measurment and emergence,35.2,NA,NA,41,NA,42,33.48264753,34.57557215
369,Control,27/07/2018,36,c12,370,06/09/2018,3,0,0,0,35.5,5.81,3.63,1,05/10/2018,14/10/2018,1,m,measurment and emergence,35.5,NA,NA,41,NA,42,33.48264753,34.3303301
370,Control,27/07/2018,40,d4,371,06/09/2018,3,0,0,0,35.9,NA,NA,1,08/10/2018,14/10/2018,1,m,emergence only,35.9,NA,NA,41,NA,42,33.48264753,36.04876408
371,Control,27/07/2018,43,d7,372,06/09/2018,3,0,0,0,32.3,5.87,3.49,1,08/10/2018,14/10/2018,1,m,measurment and emergence,32.3,NA,NA,41,NA,42,33.48264753,33.51408586
372,Control,27/07/2018,46,d10,373,06/09/2018,3,0,0,0,36.5,NA,NA,0,NA,NA,0,NA,fat analysis,36.5,13.6,NA,41,NA,42,33.48264753,34.36614615
373,Control,27/07/2018,63,f3,374,06/09/2018,3,0,0,0,32.3,NA,NA,0,NA,NA,0,NA,fat analysis,32.3,11.2,7.3,41,3.9,42,33.48264753,33.10894024
374,Control,27/07/2018,74,g2,375,06/09/2018,3,0,0,0,34.7,NA,NA,1,05/10/2018,14/10/2018,1,f,emergence only,34.7,NA,NA,41,NA,42,33.48264753,34.74796519
375,Control,27/07/2018,81,g9,376,06/09/2018,3,0,0,0,33.7,6.01,3.33,1,04/10/2018,14/10/2018,1,f,measurment and emergence,33.7,NA,NA,41,NA,42,33.48264753,34.12682069
376,Control,27/07/2018,87,h3,377,06/09/2018,3,0,0,0,31.8,NA,NA,0,NA,NA,0,NA,fat analysis,31.8,11.3,7.8,41,3.5,42,33.48264753,32.65093785
377,Control,27/07/2018,89,h5,378,06/09/2018,2,0,0,0,36.1,NA,NA,0,NA,NA,0,NA,fat analysis,36.1,13.5,8.8,41,4.7,42,33.48264753,35.94403637
378,Control,27/07/2018,91,h7,379,06/09/2018,3,0,0,0,40.5,NA,NA,0,NA,NA,0,NA,fat analysis,40.5,14.8,9.2,41,5.6,42,33.48264753,37.75210284
393,Control,27/07/2018,2,a2,394,07/09/2018,3,0,0,0,36.5,NA,NA,0,NA,NA,0,NA,fat analysis,36.5,12.8,7.1,42,5.7,42,33.66949391,35.30332367
394,Control,27/07/2018,5,a5,395,07/09/2018,2,0,0,0,36.6,NA,NA,0,NA,NA,0,NA,fat analysis,36.6,12.7,8,42,4.7,42,33.66949391,35.87466435
395,Control,27/07/2018,9,a9,396,07/09/2018,3,0,0,0,36.8,6.08,3.57,1,05/10/2018,17/10/2018,0,f,measurment and emergence,36.8,NA,NA,42,NA,42,33.66949391,34.5835637
396,Control,27/07/2018,11,a11,397,07/09/2018,3,0,0,0,30.9,NA,NA,1,08/10/2018,16/10/2018,0,m,emergence only,30.9,NA,NA,42,NA,42,33.66949391,33.68324645
397,Control,27/07/2018,17,b5,398,07/09/2018,3,0,0,0,32.5,NA,NA,0,NA,NA,0,NA,fat analysis,32.5,10.8,NA,42,NA,42,33.66949391,32.14127236
398,Control,27/07/2018,30,c6,399,07/09/2018,3,0,0,0,36.3,NA,NA,0,NA,NA,0,NA,fat analysis,36.3,13.5,8.1,42,5.4,42,33.66949391,36.1159914
399,Control,27/07/2018,41,d5,400,07/09/2018,3,0,0,0,32.7,5.93,3.52,1,08/10/2018,17/10/2018,0,m,measurment and emergence,32.7,NA,NA,42,NA,42,33.66949391,32.42148784
400,Control,27/07/2018,45,d9,401,07/09/2018,3,0,0,0,33.2,5.89,3.47,1,08/10/2018,16/10/2018,0,f,measurment and emergence,33.2,NA,NA,42,NA,42,33.66949391,33.09878183
401,Control,27/07/2018,52,e4,402,07/09/2018,3,0,0,0,38.5,6.26,3.61,1,08/10/2018,19/10/2018,0,m,measurment and emergence,38.5,NA,NA,42,NA,42,33.66949391,34.38957068
402,Control,27/07/2018,53,e5,403,07/09/2018,3,0,0,0,37.3,NA,NA,1,08/10/2018,17/10/2018,0,m,emergence only,37.3,NA,NA,42,NA,42,33.66949391,35.81924797
403,Control,27/07/2018,56,e8,404,07/09/2018,2,0,0,0,33.3,5.83,3.42,0,NA,NA,0,NA,measurment and emergence,NA,NA,NA,42,NA,42,33.66949391,32.70669864
404,Control,27/07/2018,86,h2,405,07/09/2018,3,0,0,0,33.4,6.04,3.49,1,08/10/2018,14/10/2018,1,m,measurment and emergence,33.4,NA,NA,42,NA,42,33.66949391,33.37073506
405,Control,27/07/2018,88,h4,406,07/09/2018,3,0,0,0,38.7,6.35,3.65,1,08/10/2018,18/10/2018,0,m,measurment and emergence,38.7,NA,NA,42,NA,42,33.66949391,35.38695971
429,Control,27/07/2018,1,a1,430,09/09/2018,3,1,0,0,36.1,NA,NA,0,NA,NA,0,NA,fat analysis,36.1,11.9,7.7,44,4.2,42,34.01910532,33.11458445
430,Control,27/07/2018,10,a10,431,09/09/2018,3,1,0,0,30.6,5.63,3.48,1,10/10/2018,19/10/2018,0,m,measurment and emergence,30.6,NA,NA,44,NA,42,34.01910532,30.60700445
431,Control,27/07/2018,18,b6,432,10/09/2018,3,1,0,0,34.1,NA,NA,0,NA,NA,0,NA,fat analysis,34.1,11.8,7.7,45,4.1,42,34.18187036,35.79325859
432,Control,27/07/2018,22,b10,433,10/09/2018,3,1,0,0,33.7,6.05,3.53,1,08/10/2018,19/10/2018,0,f,measurment and emergence,33.7,NA,NA,45,NA,42,34.18187036,32.59751019
433,Control,27/07/2018,28,c4,434,10/09/2018,3,1,0,0,33,NA,NA,1,08/10/2018,17/10/2018,0,f,emergence only,33,NA,NA,45,NA,42,34.18187036,33.72762319
434,Control,27/07/2018,35,c11,435,10/09/2018,3,1,0,0,32.3,5.93,3.52,1,10/10/2018,22/10/2018,1,m,measurment and emergence,32.3,NA,NA,45,NA,42,34.18187036,32.96484105
435,Control,27/07/2018,38,d2,436,07/09/2018,2,1,0,0,35.8,NA,NA,0,NA,NA,0,NA,fat analysis,35.8,12.8,8.8,42,4,42,33.66949391,32.19483257
436,Control,27/07/2018,44,d8,437,08/09/2018,3,1,0,0,29.2,NA,NA,0,NA,NA,0,NA,fat analysis,29.2,10.2,6.5,43,3.7,42,33.84831317,33.70965656
437,Control,27/07/2018,47,d11,438,08/09/2018,3,1,0,0,32.4,5.76,3.55,1,09/10/2018,18/10/2018,0,m,measurment and emergence,32.4,NA,NA,43,NA,42,33.84831317,32.27862201
438,Control,27/07/2018,48,d12,439,10/09/2018,3,1,0,0,34.8,NA,NA,1,11/10/2018,22/10/2018,1,m,emergence only,34.8,NA,NA,45,NA,42,34.18187036,34.21487992
439,Control,27/07/2018,49,e1,440,10/09/2018,3,1,0,0,33.3,NA,NA,0,NA,NA,0,NA,fat analysis,33.3,11.6,7.6,45,4,42,34.18187036,31.41337817
440,Control,27/07/2018,50,e2,441,08/09/2018,3,1,0,0,32.7,NA,NA,1,09/10/2018,18/10/2018,0,m,emergence only,32.7,NA,NA,43,NA,42,33.84831317,34.46704167
441,Control,27/07/2018,54,e6,442,08/09/2018,3,1,0,0,31.2,NA,NA,1,09/10/2018,17/10/2018,0,m,emergence only,31.2,NA,NA,43,NA,42,33.84831317,34.28440514
442,Control,27/07/2018,58,e10,443,10/09/2018,3,1,0,0,30.1,NA,NA,0,NA,NA,0,NA,fat analysis,30.1,10.5,NA,45,NA,42,34.18187036,34.77497012
443,Control,27/07/2018,59,e11,444,10/09/2018,3,1,0,0,33.2,5.75,3.51,1,10/10/2018,18/10/2018,0,m,measurment and emergence,33.2,NA,NA,45,NA,42,34.18187036,34.78001624
444,Control,27/07/2018,64,f4,445,10/09/2018,3,1,0,0,40.2,6.12,3.81,1,10/10/2018,22/10/2018,1,m,measurment and emergence,40.2,NA,NA,45,NA,42,34.18187036,36.94159976
445,Control,27/07/2018,65,f5,446,08/09/2018,3,1,0,0,36.8,NA,NA,0,NA,NA,0,NA,fat analysis,36.8,14.2,8.1,43,6.1,42,33.84831317,36.4915115
446,Control,27/07/2018,70,f10,447,09/09/2018,2,1,0,0,33.1,NA,NA,0,NA,NA,0,NA,fat analysis,33.1,12.5,7.7,44,4.8,42,34.01910532,34.6216668
447,Control,27/07/2018,71,f11,448,10/09/2018,3,1,0,0,35.3,NA,NA,0,NA,NA,0,NA,fat analysis,35.3,12.5,6.9,45,5.6,42,34.18187036,34.99072603
448,Control,27/07/2018,75,g3,449,10/09/2018,3,1,0,0,31.7,5.67,3.48,1,09/10/2018,18/10/2018,0,f,measurment and emergence,31.7,NA,NA,45,NA,42,34.18187036,33.34205491
449,Control,27/07/2018,78,g6,450,09/09/2018,3,1,0,0,37.2,NA,NA,0,NA,NA,0,NA,fat analysis,37.2,13.6,NA,44,NA,42,34.01910532,34.83415998
450,Control,27/07/2018,79,g7,451,10/09/2018,3,1,0,0,29.1,5.66,3.33,1,10/10/2018,19/10/2018,0,m,measurment and emergence,29.1,NA,NA,45,NA,42,34.18187036,30.18850751
451,Control,27/07/2018,83,g11,452,09/09/2018,3,1,0,0,30.2,NA,NA,1,09/10/2018,17/10/2018,0,m,emergence only,30.2,NA,NA,44,NA,42,34.01910532,33.45863877
452,Control,27/07/2018,93,h9,453,10/09/2018,3,1,0,0,34,6.07,3.34,1,08/10/2018,17/10/2018,0,f,measurment and emergence,34,NA,NA,45,NA,42,34.18187036,32.15099084
488,Control,27/07/2018,13,b1,489,11/09/2018,3,0,0,0,33.7,5.86,3.59,1,14/10/2018,23/10/2018,0,m,measurment and emergence,33.7,NA,NA,46,NA,42,34.33660829,33.5608678
489,Control,27/07/2018,19,b7,490,11/09/2018,3,0,0,0,35,NA,NA,1,11/10/2018,18/10/2018,0,f,emergence only,35,NA,NA,46,NA,42,34.33660829,32.85475122
490,Control,27/07/2018,33,c9,491,11/09/2018,1,0,0,0,28.9,5.76,3.39,1,12/10/2018,22/10/2018,1,m,measurment and emergence,28.9,NA,NA,46,NA,42,34.33660829,32.23183752
491,Control,27/07/2018,37,d1,492,11/09/2018,2,0,0,0,27.1,5.71,3.27,1,12/10/2018,18/10/2018,0,m,measurment and emergence,27.1,NA,NA,46,NA,42,34.33660829,30.29150401
492,Control,27/07/2018,42,d6,493,11/09/2018,3,0,0,0,36.9,NA,NA,1,11/10/2018,22/10/2018,1,f,emergence only,36.9,NA,NA,46,NA,42,34.33660829,35.29779253
493,Control,27/07/2018,51,e3,494,11/09/2018,1,0,0,0,32.1,NA,NA,0,NA,NA,0,NA,fat analysis,32.1,11.8,7.1,46,4.7,42,34.33660829,30.30921128
494,Control,27/07/2018,80,g8,495,11/09/2018,3,0,0,0,33.8,NA,NA,1,10/10/2018,22/10/2018,1,f,emergence only,33.8,NA,NA,46,NA,42,34.33660829,33.54774891
495,Control,27/07/2018,96,h12,496,11/09/2018,3,0,0,0,35.2,NA,NA,0,NA,NA,0,NA,fat analysis,35.2,11.8,7.3,46,4.5,42,34.33660829,34.53259656
507,Control,27/07/2018,25,c1,508,12/09/2018,3,0,0,0,35,NA,NA,1,11/10/2018,22/10/2018,1,f,emergence only,35,NA,NA,47,NA,42,34.48331911,34.75045778
508,Control,27/07/2018,29,c5,509,12/09/2018,3,0,0,0,39.3,NA,NA,0,NA,NA,0,NA,fat analysis,39.3,12.9,6.8,47,6.1,42,34.48331911,35.85728564
509,Control,27/07/2018,57,e9,510,12/09/2018,3,0,0,0,35.8,NA,NA,1,10/10/2018,22/10/2018,1,f,emergence only,35.8,NA,NA,47,NA,42,34.48331911,34.32832653
510,Control,27/07/2018,60,e12,511,12/09/2018,3,0,0,0,34.3,NA,NA,0,NA,NA,0,NA,fat analysis,34.3,13.9,NA,47,NA,42,34.48331911,34.19280897
511,Control,27/07/2018,62,f2,512,12/09/2018,3,0,0,0,34.4,NA,NA,0,NA,NA,0,NA,fat analysis,34.4,15.2,8.9,47,6.3,42,34.48331911,31.92258533
522,Control,27/07/2018,39,d3,523,13/09/2018,2,0,0,0,32.2,NA,NA,0,NA,NA,0,NA,fat analysis,32.2,12.3,8.1,48,4.2,52,34.62200281,34.85398089
523,Control,27/07/2018,66,f6,524,13/09/2018,3,0,0,0,32.2,NA,NA,1,10/10/2018,22/10/2018,1,f,emergence only,32.2,NA,NA,48,NA,52,34.62200281,33.42189972
524,Control,27/07/2018,67,f7,525,13/09/2018,4,0,0,0,34.5,NA,NA,0,NA,NA,0,NA,fat analysis,34.5,15.3,9.5,48,5.8,52,34.62200281,35.61099104
525,Control,27/07/2018,72,f12,526,13/09/2018,3,0,0,0,40.7,NA,NA,0,NA,NA,0,NA,fat analysis,40.7,12.9,8.3,48,4.6,52,34.62200281,37.87468403
526,Control,27/07/2018,76,g4,527,13/09/2018,2,0,0,0,28.7,NA,NA,0,NA,NA,0,NA,fat analysis,28.7,8.7,6.6,48,2.1,52,34.62200281,32.91117747
527,Control,27/07/2018,77,g5,528,13/09/2018,4,0,0,0,36.7,6,3.66,1,14/10/2018,22/10/2018,1,f,measurment and emergence,36.7,NA,NA,48,NA,52,34.62200281,36.9150448
528,Control,27/07/2018,84,g12,529,13/09/2018,3,0,0,0,35.5,5.97,3.57,1,14/10/2018,24/10/2018,0,f,measurment and emergence,35.5,NA,NA,48,NA,52,34.62200281,33.78301738
529,Control,27/07/2018,90,h6,530,13/09/2018,4,0,0,0,32.2,NA,NA,0,NA,NA,0,NA,fat analysis,32.2,12.3,7.9,48,4.4,52,34.62200281,32.40999699
530,Control,27/07/2018,95,h11,531,13/09/2018,2,0,0,0,34.3,NA,NA,1,12/10/2018,24/10/2018,0,f,emergence only,34.3,NA,NA,48,NA,52,34.62200281,34.0615783
539,Control,27/07/2018,15,b3,540,14/09/2018,2,0,0,0,35.5,NA,NA,0,NA,NA,0,NA,fat analysis,35.5,12.5,8.1,49,4.4,52,34.75265941,34.66092514
540,Control,27/07/2018,20,b8,541,14/09/2018,3,0,0,0,33.3,5.78,3.57,1,14/10/2018,22/10/2018,1,f,measurment and emergence,33.3,NA,NA,49,NA,52,34.75265941,32.92521078
541,Control,27/07/2018,23,b11,542,14/09/2018,4,0,0,0,36.8,NA,NA,1,16/10/2018,24/10/2018,0,m,emergence only,36.8,NA,NA,49,NA,52,34.75265941,36.02093207
542,Control,27/07/2018,26,c2,543,14/09/2018,3,0,0,0,33.7,NA,NA,0,NA,NA,0,NA,fat analysis,33.7,6.9,NA,49,NA,52,34.75265941,33.08962624
543,Control,27/07/2018,94,h10,544,14/09/2018,3,0,0,0,35.5,NA,NA,1,14/10/2018,26/10/2018,0,m,emergence only,35.5,NA,NA,49,NA,52,34.75265941,33.84995502
555,Control,27/07/2018,2,a2,556,17/09/2018,4,1,0,0,40.2,NA,NA,0,NA,NA,0,NA,fat analysis,40.2,13.6,8.6,52,5,52,35.09646651,37.16318317
556,Control,27/07/2018,6,a6,557,16/09/2018,4,1,0,0,33.9,NA,NA,0,NA,NA,0,NA,fat analysis,33.9,13.5,8.4,51,5.1,52,34.98989125,33.65572006
557,Control,27/07/2018,7,a7,558,15/09/2018,2,1,0,0,34.6,NA,NA,1,16/10/2018,29/10/2018,1,m,emergence only,34.6,NA,NA,50,NA,52,34.87528889,33.56320654
558,Control,27/07/2018,8,a8,559,17/09/2018,3,1,0,0,36.3,NA,NA,1,16/10/2018,29/10/2018,1,f,emergence only,36.3,NA,NA,52,NA,52,35.09646651,34.83023593
559,Control,27/07/2018,9,a9,560,17/09/2018,4,1,0,0,35.7,6.01,3.5,1,18/10/2018,29/10/2018,1,m,measurment and emergence,35.7,NA,NA,52,NA,52,35.09646651,36.15108929
560,Control,27/07/2018,11,a11,561,17/09/2018,4,1,0,0,39.2,NA,NA,1,17/10/2018,29/10/2018,1,f,emergence only,39.2,NA,NA,52,NA,52,35.09646651,35.47564552
561,Control,27/07/2018,12,a12,562,15/09/2018,4,1,0,0,35.2,6.08,3.57,1,16/10/2018,24/10/2018,0,f,measurment and emergence,35.2,NA,NA,50,NA,52,34.87528889,35.44602201
562,Control,27/07/2018,16,b4,563,16/09/2018,4,1,0,0,38,6.06,3.69,1,18/10/2018,29/10/2018,1,m,measurment and emergence,38,NA,NA,51,NA,52,34.98989125,36.76834703
563,Control,27/07/2018,21,b9,564,15/09/2018,4,1,0,0,36.1,6.21,3.77,1,14/10/2018,29/10/2018,1,f,measurment and emergence,36.1,NA,NA,50,NA,52,34.87528889,35.87665461
564,Control,27/07/2018,27,c3,565,17/09/2018,4,1,0,0,36.7,NA,NA,1,18/10/2018,29/10/2018,1,m,emergence only,36.7,NA,NA,52,NA,52,35.09646651,35.53025889
565,Control,27/07/2018,31,c7,566,16/09/2018,4,1,0,0,38.6,NA,NA,1,16/10/2018,26/10/2018,0,f,emergence only,38.6,NA,NA,51,NA,52,34.98989125,36.89848987
566,Control,27/07/2018,32,c8,567,17/09/2018,4,1,0,0,41.2,6.27,3.76,1,19/10/2018,29/10/2018,1,m,measurment and emergence,41.2,NA,NA,52,NA,52,35.09646651,39.0303116
567,Control,27/07/2018,34,c10,568,17/09/2018,4,1,0,0,38.5,6.2,3.72,1,19/10/2018,29/10/2018,1,m,measurment and emergence,38.5,NA,NA,52,NA,52,35.09646651,35.90885104
568,Control,27/07/2018,36,c12,569,16/09/2018,4,1,0,0,35.3,NA,NA,1,18/10/2018,29/10/2018,1,m,emergence only,35.3,NA,NA,51,NA,52,34.98989125,35.80148818
569,Control,27/07/2018,43,d7,570,16/09/2018,4,1,0,0,37.1,NA,NA,1,18/10/2018,29/10/2018,1,m,emergence only,37.1,NA,NA,51,NA,52,34.98989125,34.93843222
570,Control,27/07/2018,46,d10,571,16/09/2018,4,1,0,0,38.3,NA,NA,0,NA,NA,0,NA,fat analysis,38.3,11.8,7.6,51,4.2,52,34.98989125,36.01632615
571,Control,27/07/2018,53,e5,572,17/09/2018,4,1,0,0,39.7,NA,NA,0,NA,NA,0,NA,fat analysis,39.7,8.4,5.4,52,3,52,35.09646651,37.44011258
572,Control,27/07/2018,55,e7,573,16/09/2018,4,1,0,0,35.6,NA,NA,0,NA,NA,0,NA,fat analysis,35.6,11,7.3,51,3.7,52,34.98989125,36.06689134
573,Control,27/07/2018,61,f1,574,16/09/2018,4,1,0,0,35.6,5.78,3.66,1,16/10/2018,29/10/2018,1,f,measurment and emergence,35.6,NA,NA,51,NA,52,34.98989125,34.05705163
574,Control,27/07/2018,63,f3,575,16/09/2018,4,1,0,0,34.7,6.05,3.59,1,16/10/2018,29/10/2018,1,f,measurment and emergence,34.7,NA,NA,51,NA,52,34.98989125,34.46501084
575,Control,27/07/2018,69,f9,576,15/09/2018,4,1,0,0,33,NA,NA,1,14/10/2018,24/10/2018,0,f,emergence only,33,NA,NA,50,NA,52,34.87528889,35.31290585
576,Control,27/07/2018,73,g1,577,15/09/2018,4,1,0,0,39,NA,NA,0,NA,NA,0,NA,fat analysis,39,15.2,9.6,50,5.6,52,34.87528889,38.48692892
577,Control,27/07/2018,74,g2,578,17/09/2018,4,1,0,0,37.6,NA,NA,0,NA,NA,0,NA,fat analysis,37.6,12.3,NA,52,NA,52,35.09646651,36.13957048
578,Control,27/07/2018,81,g9,579,16/09/2018,4,1,0,0,39.4,6.15,3.52,1,16/10/2018,29/10/2018,1,f,measurment and emergence,39.4,NA,NA,51,NA,52,34.98989125,35.39356088
579,Control,27/07/2018,85,h1,580,16/09/2018,4,1,0,0,35,NA,NA,0,NA,NA,0,NA,fat analysis,35,12.6,8.7,51,3.9,52,34.98989125,33.59719922
580,Control,27/07/2018,87,h3,581,16/09/2018,4,1,0,0,32.7,NA,NA,1,14/10/2018,26/10/2018,0,f,emergence only,32.7,NA,NA,51,NA,52,34.98989125,34.14883523
581,Control,27/07/2018,89,h5,582,16/09/2018,3,1,0,0,38.2,NA,NA,0,NA,NA,0,NA,fat analysis,38.2,11.4,6.8,51,4.6,52,34.98989125,37.26764387
582,Control,27/07/2018,91,h7,583,17/09/2018,4,1,0,0,40.3,NA,NA,0,NA,NA,0,NA,fat analysis,40.3,12.3,8.3,52,4,52,35.09646651,39.49844965
626,Control,27/07/2018,5,a5,627,18/09/2018,4,0,0,0,40.4,NA,NA,0,NA,NA,0,NA,fat analysis,40.4,11.8,7.4,53,4.4,52,35.19501465,37.66159337
627,Control,27/07/2018,17,b5,628,18/09/2018,4,0,0,0,32.7,NA,NA,0,NA,NA,0,NA,fat analysis,32.7,11.8,7,53,4.8,52,35.19501465,33.68176616
628,Control,27/07/2018,30,c6,629,18/09/2018,4,0,0,0,40.8,6.45,3.84,0,NA,NA,0,NA,measurment and emergence,NA,NA,NA,53,NA,52,35.19501465,37.60887358
629,Control,27/07/2018,41,d5,630,18/09/2018,4,0,0,0,38.4,NA,NA,1,17/10/2018,29/10/2018,1,f,emergence only,38.4,NA,NA,53,NA,52,35.19501465,33.53582365
630,Control,27/07/2018,45,d9,631,18/09/2018,4,0,0,0,37.5,NA,NA,1,22/10/2018,29/10/2018,1,m,emergence only,37.5,NA,NA,53,NA,52,35.19501465,34.67556291
631,Control,27/07/2018,50,e2,632,18/09/2018,4,0,0,0,36.5,NA,NA,1,18/10/2018,29/10/2018,1,f,emergence only,36.5,NA,NA,53,NA,52,35.19501465,35.67664709
632,Control,27/07/2018,54,e6,633,18/09/2018,4,0,0,0,35.6,6.06,3.63,1,22/10/2018,29/10/2018,1,m,measurment and emergence,35.6,NA,NA,53,NA,52,35.19501465,35.64157542
633,Control,27/07/2018,56,e8,634,18/09/2018,3,0,0,0,34.6,NA,NA,1,17/10/2018,29/10/2018,1,f,emergence only,34.6,NA,NA,53,NA,52,35.19501465,34.24138082
634,Control,27/07/2018,86,h2,635,18/09/2018,4,0,0,0,34.7,6.06,3.33,1,17/10/2018,29/10/2018,1,f,measurment and emergence,34.7,NA,NA,53,NA,52,35.19501465,34.55716514
635,Control,27/07/2018,88,h4,636,18/09/2018,4,0,0,0,38.8,NA,NA,1,22/10/2018,29/10/2018,1,m,emergence only,38.8,NA,NA,53,NA,52,35.19501465,36.25976844
657,Control,27/07/2018,44,d8,658,19/09/2018,4,0,0,0,35.4,NA,NA,1,19/10/2018,29/10/2018,1,f,emergence only,35.4,NA,NA,54,NA,52,35.28553569,35.49198455
658,Control,27/07/2018,47,d11,659,19/09/2018,4,0,0,0,33.2,5.99,3.51,1,22/10/2018,29/10/2018,1,m,measurment and emergence,33.2,NA,NA,54,NA,52,35.28553569,34.04210534
659,Control,27/07/2018,70,f10,660,19/09/2018,3,0,0,0,33.4,NA,NA,0,NA,NA,0,NA,fat analysis,33.4,10.2,7,54,3.2,52,35.28553569,36.32548427
660,Control,27/07/2018,83,g11,661,19/09/2018,4,0,0,0,31.8,NA,NA,1,22/10/2018,29/10/2018,1,m,emergence only,31.8,NA,NA,54,NA,52,35.28553569,34.62927929
668,Control,27/07/2018,4,a4,669,20/09/2018,4,0,0,0,31.9,NA,NA,0,NA,NA,0,NA,fat analysis,31.9,NA,NA,55,NA,52,35.36802961,34.06751094
669,Control,27/07/2018,10,a10,670,20/09/2018,4,0,0,0,34.7,6.15,3.56,1,22/10/2018,31/10/2018,0,m,measurment and emergence,34.7,NA,NA,55,NA,52,35.36802961,32.71272022
670,Control,27/07/2018,22,b10,671,20/09/2018,4,0,0,0,32,6.14,3.38,1,19/10/2018,30/10/2018,0,f,measurment and emergence,32,NA,NA,55,NA,52,35.36802961,33.89347753
671,Control,27/07/2018,52,e4,672,20/09/2018,4,0,0,0,32,NA,NA,0,NA,NA,0,NA,fat analysis,32,11.6,NA,55,NA,52,35.36802961,36.3112573
672,Control,27/07/2018,65,f5,673,20/09/2018,4,0,0,0,34.2,5.99,3.66,1,22/10/2018,31/10/2018,0,m,measurment and emergence,34.2,NA,NA,55,NA,52,35.36802961,37.88148619
673,Control,27/07/2018,71,f11,674,20/09/2018,4,0,0,0,34.8,6.01,3.73,1,22/10/2018,01/11/2018,0,m,measurment and emergence,34.8,NA,NA,55,NA,52,35.36802961,36.53475974
674,Control,27/07/2018,78,g6,675,20/09/2018,4,0,0,0,39.5,6.23,3.71,1,22/10/2018,02/11/2018,0,m,measurment and emergence,39.5,NA,NA,55,NA,52,35.36802961,35.98900894
675,Control,27/07/2018,79,g7,676,20/09/2018,4,0,0,0,30.9,5.79,3.41,1,22/10/2018,29/10/2018,1,m,measurment and emergence,30.9,NA,NA,55,NA,52,35.36802961,31.79954491
691,Control,27/07/2018,1,a1,692,21/09/2018,4,0,0,0,27.5,5.72,3.26,1,22/10/2018,29/10/2018,1,m,measurment and emergence,27.5,NA,NA,56,NA,52,35.44249641,33.91954578
692,Control,27/07/2018,18,b6,693,21/09/2018,4,0,0,0,38,NA,NA,0,NA,NA,0,NA,fat analysis,38,13.2,8.8,56,4.4,52,35.44249641,36.85197994
693,Control,27/07/2018,35,c11,694,21/09/2018,4,0,0,0,34.8,5.89,3.61,1,22/10/2018,01/11/2018,0,m,measurment and emergence,34.8,NA,NA,56,NA,52,35.44249641,34.52417835
694,Control,27/07/2018,38,d2,695,21/09/2018,3,0,0,0,31.2,NA,NA,0,NA,NA,0,NA,fat analysis,31.2,14.4,8.7,56,5.7,52,35.44249641,33.77568658
695,Control,27/07/2018,42,d6,696,21/09/2018,4,0,0,0,38,6.12,3.69,1,22/10/2018,31/10/2018,0,m,measurment and emergence,38,NA,NA,56,NA,52,35.44249641,36.79692562
696,Control,27/07/2018,49,e1,697,21/09/2018,4,0,0,0,31.8,NA,NA,0,NA,NA,0,NA,fat analysis,31.8,11.2,6.9,56,4.3,52,35.44249641,32.64717555
697,Control,27/07/2018,58,e10,698,21/09/2018,4,0,0,0,39.1,NA,NA,1,23/10/2018,02/11/2018,0,m,emergence only,39.1,NA,NA,56,NA,52,35.44249641,36.48857934
698,Control,27/07/2018,59,e11,699,21/09/2018,4,0,0,0,37.2,NA,NA,0,NA,NA,0,NA,fat analysis,37.2,11.8,7.2,56,4.6,52,35.44249641,36.00096758
699,Control,27/07/2018,64,f4,700,21/09/2018,4,0,0,0,41.1,NA,NA,0,NA,NA,0,NA,fat analysis,41.1,12.2,7.5,56,4.7,52,35.44249641,37.74530709
700,Control,27/07/2018,75,g3,701,21/09/2018,4,0,0,0,36.9,NA,NA,1,23/10/2018,02/11/2018,0,m,emergence only,36.9,NA,NA,56,NA,52,35.44249641,34.42101647
702,Control,27/07/2018,93,h9,703,21/09/2018,4,0,0,0,35.6,NA,NA,0,NA,NA,0,NA,fat analysis,35.6,12.5,8.5,56,4,52,35.44249641,32.85174936
716,Control,27/07/2018,96,h12,718,21/09/2018,4,0,0,0,29.9,NA,NA,0,NA,NA,0,NA,emergence only,NA,NA,NA,56,NA,52,35.44249641,35.93524691
717,Control,27/07/2018,13,b1,719,24/09/2018,4,1,0,0,34.8,NA,NA,0,NA,NA,0,NA,fat analysis,34.8,12.8,12.6,59,0.2,62,35.61773417,35.25077614
718,Control,27/07/2018,19,b7,720,23/09/2018,4,1,0,0,34.2,NA,NA,0,NA,NA,0,NA,fat analysis,34.2,13.1,7.7,58,5.4,62,35.56734869,34.15421358
719,Control,27/07/2018,20,b8,721,24/09/2018,4,1,0,0,34.4,5.88,3.68,1,24/10/2018,01/11/2018,0,f,measurment and emergence,34.4,NA,NA,59,NA,62,35.61773417,33.7792965
720,Control,27/07/2018,23,b11,722,24/09/2018,5,1,0,0,39.6,NA,NA,0,NA,NA,0,NA,fat analysis,39.6,13.8,9,59,4.8,62,35.61773417,37.10088322
721,Control,27/07/2018,24,b12,723,22/09/2018,4,1,0,0,36.4,NA,NA,1,25/10/2018,02/11/2018,0,m,emergence only,36.4,NA,NA,57,NA,52,35.50893611,34.34325344
722,Control,27/07/2018,25,c1,724,23/09/2018,4,1,0,0,31.8,NA,NA,0,NA,NA,0,NA,fat analysis,31.8,13.4,8.5,58,4.9,62,35.56734869,35.9808576
723,Control,27/07/2018,29,c5,725,23/09/2018,4,1,0,0,37.7,NA,NA,1,25/10/2018,05/11/2018,1,m,emergence only,37.7,NA,NA,58,NA,62,35.56734869,36.9886973
724,Control,27/07/2018,51,e3,726,23/09/2018,2,1,0,0,24.1,NA,NA,0,NA,NA,0,NA,fat analysis,24.1,15.1,9.7,58,5.4,62,35.56734869,31.15022707
725,Control,27/07/2018,57,e9,727,24/09/2018,4,1,0,0,33.3,NA,NA,1,25/10/2018,05/11/2018,1,m,emergence only,33.3,NA,NA,59,NA,62,35.61773417,35.80368787
726,Control,27/07/2018,60,e12,728,22/09/2018,4,1,0,0,36.9,NA,NA,1,22/10/2018,02/11/2018,0,f,emergence only,36.9,NA,NA,57,NA,52,35.50893611,35.14178179
727,Control,27/07/2018,66,f6,729,24/09/2018,4,1,0,0,33.7,NA,NA,0,NA,NA,0,NA,fat analysis,33.7,14.8,9.6,59,5.2,62,35.61773417,34.46087992
728,Control,27/07/2018,72,f12,730,24/09/2018,4,1,0,0,39.5,NA,NA,1,26/10/2018,07/11/2018,0,m,emergence only,39.5,NA,NA,59,NA,62,35.61773417,39.19247759
729,Control,27/07/2018,76,g4,731,24/09/2018,3,1,0,0,38,NA,NA,0,NA,NA,0,NA,fat analysis,38,11.6,7.9,59,3.7,62,35.61773417,33.65560718
730,Control,27/07/2018,77,g5,732,24/09/2018,5,1,0,0,38.4,NA,NA,0,NA,NA,0,NA,fat analysis,38.4,14.8,9.1,59,5.7,62,35.61773417,37.38932973
731,Control,27/07/2018,67,f7,733,24/09/2018,5,1,0,0,35.8,NA,NA,0,NA,NA,0,NA,fat analysis,35.8,15.3,9.5,59,5.8,62,35.61773417,36.1660286
732,Control,27/07/2018,80,g8,734,22/09/2018,4,1,0,0,34.3,NA,NA,1,24/10/2018,02/11/2018,0,m,emergence only,34.3,NA,NA,57,NA,52,35.50893611,35.02924626
733,Control,27/07/2018,84,g12,735,24/09/2018,4,1,0,0,37.1,NA,NA,0,NA,NA,0,NA,fat analysis,37.1,13,8.5,59,4.5,62,35.61773417,34.76669222
734,Control,27/07/2018,90,h6,736,24/09/2018,5,1,0,0,37.4,NA,NA,0,NA,NA,0,NA,fat analysis,37.4,10,6.4,59,3.6,62,35.61773417,33.69815764
735,Control,27/07/2018,95,h11,737,23/09/2018,3,1,0,0,36.2,NA,NA,0,NA,NA,0,NA,fat analysis,36.2,7.5,5.7,58,1.8,62,35.56734869,35.11445173
775,Control,27/07/2018,48,d12,777,22/09/2018,4,1,0,0,35.5,NA,NA,0,NA,NA,0,NA,fat analysis,35.5,13.3,8.4,57,4.9,52,35.50893611,35.96419667
777,Control,27/07/2018,26,c2,779,25/09/2018,4,0,0,0,32.5,5.68,3.4,1,25/10/2018,02/11/2018,0,f,measurment and emergence,32.5,NA,NA,60,NA,62,35.66009253,34.01363798
778,Control,27/07/2018,40,d4,780,25/09/2018,4,0,0,0,38.5,6.16,3.75,1,29/10/2018,06/11/2018,0,m,measurment and emergence,38.5,NA,NA,60,NA,62,35.66009253,37.91237108
779,Control,27/07/2018,62,f2,781,25/09/2018,4,0,0,0,34,NA,NA,1,24/10/2018,02/11/2018,0,f,emergence only,34,NA,NA,60,NA,62,35.66009253,33.31374395
780,Control,27/07/2018,94,h10,782,25/09/2018,4,0,0,0,37.7,NA,NA,0,NA,NA,0,NA,fat analysis,37.7,12.6,7.8,60,4.8,62,35.66009253,35.22575748
791,Control,27/07/2018,6,a6,796,26/09/2018,5,0,0,0,32.7,NA,NA,1,26/10/2018,05/11/2018,1,f,emergence only,32.7,NA,NA,61,NA,62,35.69442377,34.08628883
792,Control,27/07/2018,12,a12,797,26/09/2018,5,0,0,0,36.1,NA,NA,0,NA,NA,0,NA,fat analysis,36.1,9.1,6.7,61,2.4,62,35.69442377,36.25753215
793,Control,27/07/2018,39,d3,798,26/09/2018,3,0,0,0,33.8,6.15,3.31,1,29/10/2018,06/11/2018,0,m,measurment and emergence,33.8,NA,NA,61,NA,62,35.69442377,35.74608216
794,Control,27/07/2018,46,d10,799,26/09/2018,5,0,0,0,34.8,NA,NA,1,29/10/2018,02/11/2018,0,m,emergence only,34.8,NA,NA,61,NA,62,35.69442377,36.86876649
795,Control,27/07/2018,69,f9,800,26/09/2018,5,0,0,0,36.4,NA,NA,1,29/10/2018,06/11/2018,0,m,emergence only,36.4,NA,NA,61,NA,62,35.69442377,36.05414953
796,Control,27/07/2018,73,g1,801,26/09/2018,5,0,0,0,42.9,6.35,3.86,0,NA,NA,0,NA,measurment and emergence,NA,NA,NA,61,NA,62,35.69442377,39.42238764
797,Control,27/07/2018,81,g9,802,26/09/2018,5,0,0,0,36.6,NA,NA,1,26/10/2018,06/11/2018,0,f,emergence only,36.6,NA,NA,61,NA,62,35.69442377,35.84100496
798,Control,27/07/2018,87,h3,803,26/09/2018,5,0,0,0,33.9,NA,NA,0,NA,NA,0,NA,fat analysis,33.9,10.9,6.5,61,4.4,62,35.69442377,34.84929501
814,Control,27/07/2018,31,c7,820,27/09/2018,5,0,0,0,37.8,NA,NA,1,29/10/2018,09/11/2018,0,m,emergence only,37.8,NA,NA,62,NA,62,35.72072791,37.59860552
815,Control,27/07/2018,36,c12,821,27/09/2018,5,0,0,0,38.1,6.08,3.71,1,29/10/2018,06/11/2018,0,f,measurment and emergence,38.1,NA,NA,62,NA,62,35.72072791,36.49055951
816,Control,27/07/2018,43,d7,822,27/09/2018,5,0,0,0,32.8,NA,NA,0,NA,NA,0,NA,fat analysis,32.8,13.1,8.1,62,5,62,35.72072791,35.57654666
817,Control,27/07/2018,55,e7,823,27/09/2018,5,0,0,0,37.3,6.14,3.57,1,29/10/2018,09/11/2018,0,m,measurment and emergence,37.3,NA,NA,62,NA,62,35.72072791,36.97607099
818,Control,27/07/2018,63,f3,824,27/09/2018,5,0,0,0,32.1,NA,NA,0,NA,NA,0,NA,fat analysis,32.1,11,7.1,62,3.9,62,35.72072791,35.02671935
819,Control,27/07/2018,85,h1,825,27/09/2018,5,0,0,0,35.8,NA,NA,1,26/10/2018,08/11/2018,0,f,emergence only,35.8,NA,NA,62,NA,62,35.72072791,34.36003554
820,Control,27/07/2018,89,h5,826,27/09/2018,4,0,0,0,37.9,NA,NA,1,29/10/2018,06/11/2018,0,f,emergence only,37.9,NA,NA,62,NA,62,35.72072791,37.79503268
823,Control,27/07/2018,2,a2,829,28/09/2018,5,0,0,0,39.2,6.32,3.71,1,30/10/2018,12/11/2018,1,m,measurment and emergence,39.2,NA,NA,63,NA,62,35.73900493,38.29231608
824,Control,27/07/2018,7,a7,830,28/09/2018,3,0,0,0,35.1,NA,NA,1,29/10/2018,09/11/2018,0,m,emergence only,35.1,NA,NA,63,NA,62,35.73900493,33.82136848
825,Control,27/07/2018,8,a8,831,28/09/2018,4,0,0,0,37.1,6.04,3.72,1,29/10/2018,07/11/2018,0,f,measurment and emergence,37.1,NA,NA,63,NA,62,35.73900493,35.48605921
826,Control,27/07/2018,9,a9,832,28/09/2018,5,0,0,0,38.7,NA,NA,0,NA,NA,0,NA,fat analysis,38.7,11.3,6.8,63,4.5,62,35.73900493,36.94960044
827,Control,27/07/2018,11,a11,833,28/09/2018,5,0,0,0,39.1,6.38,3.65,1,30/10/2018,12/11/2018,1,m,measurment and emergence,39.1,NA,NA,63,NA,62,35.73900493,36.54157272
828,Control,27/07/2018,16,b4,834,28/09/2018,5,0,0,0,39.1,NA,NA,1,29/10/2018,07/11/2018,0,f,emergence only,39.1,NA,NA,63,NA,62,35.73900493,37.4532108
829,Control,27/07/2018,27,c3,835,28/09/2018,5,0,0,0,37.3,6.08,3.6,1,30/10/2018,12/11/2018,1,m,measurment and emergence,37.3,NA,NA,63,NA,62,35.73900493,35.89632209
830,Control,27/07/2018,32,c8,836,28/09/2018,5,0,0,0,38.3,NA,NA,1,29/10/2018,08/11/2018,0,m,emergence only,38.3,NA,NA,63,NA,62,35.73900493,39.81749709
831,Control,27/07/2018,34,c10,837,28/09/2018,5,0,0,0,32.6,NA,NA,0,NA,NA,0,NA,fat analysis,32.6,14,9.1,63,4.9,62,35.73900493,36.25937888
832,Control,27/07/2018,53,e5,838,28/09/2018,5,0,0,0,39.9,NA,NA,0,NA,NA,0,NA,fat analysis,39.9,12.1,7.8,63,4.3,62,35.73900493,38.29677318
833,Control,27/07/2018,56,e8,839,28/09/2018,4,0,0,0,33.8,6.13,3.63,1,29/10/2018,07/11/2018,0,f,measurment and emergence,33.8,NA,NA,63,NA,62,35.73900493,34.79293996
834,Control,27/07/2018,74,g2,840,28/09/2018,5,0,0,0,38.3,6.13,3.69,1,29/10/2018,07/11/2018,0,f,measurment and emergence,38.3,NA,NA,63,NA,62,35.73900493,36.5430832
835,Control,27/07/2018,88,h4,841,28/09/2018,5,0,0,0,35.8,NA,NA,0,NA,NA,0,NA,fat analysis,35.8,14.8,9.3,63,5.5,62,35.73900493,36.17853328
836,Control,27/07/2018,91,h7,842,28/09/2018,5,0,0,0,43,6.41,3.84,1,29/10/2018,12/11/2018,1,f,measurment and emergence,43,NA,NA,63,NA,62,35.73900493,40.27549186
856,Control,27/07/2018,5,a5,863,29/09/2018,4,1,0,0,37.4,NA,NA,1,30/10/2018,12/11/2018,1,m,measurment and emergence,37.4,NA,NA,64,NA,62,35.74925484,38.48429992
857,Control,27/07/2018,10,a10,864,01/10/2018,5,1,0,0,36.4,NA,NA,1,01/11/2018,12/11/2018,1,m,emergence only,36.4,NA,NA,66,NA,62,35.74567333,33.88590757
858,Control,27/07/2018,17,b5,865,29/09/2018,5,1,0,0,32.6,5.81,3.3,0,NA,NA,0,NA,measurment and emergence,NA,NA,NA,64,NA,62,35.74925484,34.25843841
859,Control,27/07/2018,22,b10,866,01/10/2018,5,1,0,0,34.1,NA,NA,0,NA,NA,0,NA,fat analysis,34.1,12.7,8.2,66,4.5,62,35.74567333,34.39493498
860,Control,27/07/2018,28,c4,867,30/09/2018,5,1,0,0,33.7,5.89,3.4,1,29/10/2018,08/11/2018,0,f,measurment and emergence,33.7,NA,NA,65,NA,62,35.75147764,35.06687278
861,Control,27/07/2018,30,c6,868,29/09/2018,5,1,0,0,34.8,6.11,3.68,1,30/10/2018,12/11/2018,1,m,measurment and emergence,34.8,NA,NA,64,NA,62,35.74925484,38.12648997
862,Control,27/07/2018,35,c11,869,01/10/2018,5,1,0,0,36.9,NA,NA,1,31/10/2018,12/11/2018,1,f,emergence only,36.9,NA,NA,66,NA,62,35.74567333,35.10905443
863,Control,27/07/2018,41,d5,870,29/09/2018,5,1,0,0,30.7,NA,NA,0,NA,NA,0,NA,fat analysis,30.7,11.3,7.8,64,3.5,62,35.74925484,33.65076487
864,Control,27/07/2018,44,d8,871,01/10/2018,5,1,0,0,36.5,NA,NA,0,NA,NA,0,NA,fat analysis,36.5,12.6,8.1,66,4.5,62,35.74567333,36.35447298
865,Control,27/07/2018,45,d9,872,29/09/2018,5,1,0,0,33.1,NA,NA,1,29/10/2018,09/11/2018,0,f,emergence only,33.1,NA,NA,64,NA,62,35.74925484,35.28067495
866,Control,27/07/2018,47,d11,873,30/09/2018,5,1,0,0,36.1,NA,NA,1,31/10/2018,12/11/2018,1,m,emergence only,36.1,NA,NA,65,NA,62,35.75147764,34.84373609
867,Control,27/07/2018,50,e2,874,29/09/2018,5,1,0,0,37.3,NA,NA,1,31/10/2018,12/11/2018,1,m,emergence only,37.3,NA,NA,64,NA,62,35.74925484,36.07002693
868,Control,27/07/2018,52,e4,875,30/09/2018,5,1,0,0,38.1,NA,NA,1,30/10/2018,12/11/2018,1,f,emergence only,38.1,NA,NA,65,NA,62,35.75147764,36.88202114
869,Control,27/07/2018,54,e6,876,30/09/2018,5,1,0,0,36.6,NA,NA,1,01/11/2018,12/11/2018,1,m,emergence only,36.6,NA,NA,65,NA,62,35.75147764,36.21860574
870,Control,27/07/2018,65,f5,877,30/09/2018,5,1,0,0,40.4,NA,NA,1,29/10/2018,12/11/2018,1,f,emergence only,40.4,NA,NA,65,NA,62,35.75147764,38.15147424
871,Control,27/07/2018,70,f10,878,30/09/2018,4,1,0,0,42.4,NA,NA,1,29/10/2018,12/11/2018,1,f,emergence only,42.4,NA,NA,65,NA,62,35.75147764,37.29348819
872,Control,27/07/2018,71,f11,879,30/09/2018,5,1,0,0,37.3,NA,NA,0,NA,NA,0,NA,fat analysis,37.3,12.8,7.6,65,5.2,62,35.75147764,37.29855015
873,Control,27/07/2018,79,g7,880,01/10/2018,5,1,0,0,34.6,NA,NA,1,02/11/2018,12/11/2018,1,m,emergence only,34.6,NA,NA,66,NA,62,35.74567333,32.66525817
874,Control,27/07/2018,83,g11,881,30/09/2018,5,1,0,0,36.3,NA,NA,0,NA,NA,0,NA,fat analysis,36.3,12.8,8.6,65,4.2,62,35.75147764,34.99356809
875,Control,27/07/2018,86,h2,882,29/09/2018,5,1,0,0,33.8,NA,NA,1,29/10/2018,07/11/2018,0,m,emergence only,33.8,NA,NA,64,NA,62,35.74925484,34.75693869
911,Control,27/07/2018,1,a1,918,02/10/2018,5,0,0,0,34,NA,NA,1,01/11/2018,12/11/2018,1,f,emergence only,34,NA,NA,67,NA,62,35.73184191,33.61622751
912,Control,27/07/2018,18,b6,919,02/10/2018,5,0,0,0,37.8,6.55,3.89,1,01/11/2018,13/11/2018,0,f,measurment and emergence,37.8,NA,NA,67,NA,62,35.73184191,36.93039006
913,Control,27/07/2018,37,d1,920,02/10/2018,3,0,0,0,29.5,NA,NA,0,NA,NA,0,NA,fat analysis,29.5,10.1,7.2,67,2.9,62,35.73184191,31.18789758
914,Control,27/07/2018,38,d2,921,02/10/2018,4,0,0,0,32,6.1,3.29,0,NA,NA,0,NA,measurment and emergence,NA,NA,NA,67,NA,62,35.73184191,33.9093895
915,Control,27/07/2018,42,d6,922,02/10/2018,5,0,0,0,37,NA,NA,1,01/11/2018,12/11/2018,1,f,emergence only,37,NA,NA,67,NA,62,35.73184191,37.53689098
916,Control,27/07/2018,58,e10,923,02/10/2018,5,0,0,0,38,NA,NA,0,NA,NA,0,NA,fat analysis,38,13.4,8.4,67,5,62,35.73184191,37.26421609
917,Control,27/07/2018,59,e11,924,02/10/2018,5,0,0,0,34.2,NA,NA,0,NA,NA,0,NA,fat analysis,34.2,12.3,7.5,67,4.8,62,35.73184191,36.25339747
918,Control,27/07/2018,78,g6,925,02/10/2018,5,0,0,0,34.8,6.09,3.55,1,03/11/2018,12/11/2018,1,f,measurment and emergence,34.8,NA,NA,67,NA,62,35.73184191,36.12722101
919,Control,27/07/2018,93,h9,926,02/10/2018,5,0,0,0,32.4,5.8,3.59,1,03/11/2018,12/11/2018,1,f,measurment and emergence,32.4,NA,NA,67,NA,62,35.73184191,32.55375891
920,Control,27/07/2018,96,h12,927,02/10/2018,5,0,0,0,40.6,NA,NA,0,NA,NA,0,NA,fat analysis,40.6,15.2,9.7,67,5.5,62,35.73184191,36.56494335
935,Control,27/07/2018,24,b12,942,03/10/2018,5,0,0,0,35.7,NA,NA,0,NA,NA,0,NA,fat analysis,35.7,13,8.5,68,4.5,72,35.70998337,34.27191043
936,Control,27/07/2018,15,b3,943,03/10/2018,4,0,0,0,33.3,NA,NA,0,NA,NA,0,NA,fat analysis,33.3,12.2,7.8,68,4.4,72,35.70998337,35.53416258
937,Control,27/07/2018,49,e1,944,03/10/2018,5,0,0,0,33.9,NA,NA,0,NA,NA,0,NA,fat analysis,33.9,NA,NA,68,NA,72,35.70998337,32.88410715
938,Control,27/07/2018,80,g8,945,03/10/2018,5,0,0,0,37.3,NA,NA,1,05/11/2018,14/11/2018,0,m,emergence only,37.3,NA,NA,68,NA,72,35.70998337,35.55417563
950,Control,27/07/2018,4,a4,957,04/10/2018,5,0,0,0,29.6,6.01,3.45,1,02/11/2018,12/11/2018,1,f,measurment and emergence,29.6,NA,NA,69,NA,72,35.68009772,33.85356509
951,Control,27/07/2018,19,b7,958,04/10/2018,5,0,0,0,29.7,NA,NA,1,05/11/2018,12/11/2018,1,m,emergence only,29.7,NA,NA,69,NA,72,35.68009772,34.33336594
952,Control,27/07/2018,23,b11,959,04/10/2018,6,0,0,0,34.3,NA,NA,1,05/11/2018,14/11/2018,0,m,emergence only,34.3,NA,NA,69,NA,72,35.68009772,37.38932222
953,Control,27/07/2018,64,f4,960,04/10/2018,5,0,0,0,34.2,NA,NA,0,NA,NA,0,NA,fat analysis,34.2,12,8,69,4,72,35.68009772,37.40370736
954,Control,27/07/2018,75,g3,961,04/10/2018,5,0,0,0,31,6.06,3.41,1,05/11/2018,14/11/2018,0,m,measurment and emergence,31,NA,NA,69,NA,72,35.68009772,34.43705745
955,Control,27/07/2018,95,h11,962,04/10/2018,4,0,0,0,35.9,NA,NA,1,05/11/2018,15/11/2018,0,m,emergence only,35.9,NA,NA,69,NA,72,35.68009772,35.34773665
956,Control,27/07/2018,25,c1,963,04/10/2018,5,0,0,0,40,NA,NA,1,02/11/2018,15/11/2018,0,f,emergence only,40,NA,NA,69,NA,72,35.68009772,36.24613928
974,Control,27/07/2018,3,a3,981,05/10/2018,4,0,0,0,34.6,6.3,3.49,1,06/11/2018,15/11/2018,0,m,measurment and emergence,34.6,NA,NA,70,NA,72,35.64218496,34.77493505
975,Control,27/07/2018,13,b1,982,05/10/2018,5,0,0,0,37.4,NA,NA,0,NA,NA,0,NA,fat analysis,37.4,13.2,8.4,70,4.8,72,35.64218496,35.64034976
976,Control,27/07/2018,21,b9,983,05/10/2018,6,0,0,0,35.5,5.9,3.67,1,05/11/2018,15/11/2018,0,f,measurment and emergence,35.5,NA,NA,70,NA,72,35.64218496,36.30873643
977,Control,27/07/2018,26,c2,984,05/10/2018,5,0,0,0,32.1,NA,NA,0,NA,NA,0,NA,fat analysis,32.1,11.2,7.6,70,3.6,72,35.64218496,34.01439968
978,Control,27/07/2018,48,d12,985,05/10/2018,5,0,0,0,34.3,NA,NA,1,05/11/2018,14/11/2018,0,f,emergence only,34.3,NA,NA,70,NA,72,35.64218496,36.59003575
979,Control,27/07/2018,40,d4,986,05/10/2018,5,0,0,0,35.4,NA,NA,0,NA,NA,0,NA,fat analysis,35.4,13.6,8.5,70,5.1,72,35.64218496,37.72287306
980,Control,27/07/2018,60,e12,987,05/10/2018,5,0,0,0,30.8,NA,NA,1,05/11/2018,13/11/2018,0,f,emergence only,30.8,NA,NA,70,NA,72,35.64218496,35.17151026
981,Control,27/07/2018,66,f6,988,05/10/2018,5,0,0,0,32.4,6.05,3.51,1,05/11/2018,14/11/2018,0,f,measurment and emergence,32.4,NA,NA,70,NA,72,35.64218496,34.53401809
982,Control,27/07/2018,72,f12,989,05/10/2018,5,0,0,0,43.2,6.3,3.77,1,06/11/2018,16/11/2018,0,m,measurment and emergence,43.2,NA,NA,70,NA,72,35.64218496,39.54110202
983,Control,27/07/2018,94,h10,990,05/10/2018,5,0,0,0,31.9,5.89,3.5,1,06/11/2018,16/11/2018,0,m,measurment and emergence,31.9,NA,NA,70,NA,72,35.64218496,35.65268382
1000,Control,27/07/2018,2,a2,1007,08/10/2018,6,1,0,0,40.5,NA,NA,0,NA,NA,0,NA,fat analysis,40.5,15.5,10,73,5.5,72,35.48028401,38.48542552
1001,Control,27/07/2018,6,a6,1008,07/10/2018,6,1,0,0,34.9,6.04,3.52,1,12/11/2018,16/11/2018,0,m,measurment and emergence,34.9,NA,NA,72,NA,72,35.5422781,33.61512901
1002,Control,27/07/2018,8,a8,1009,08/10/2018,5,1,0,0,33.9,NA,NA,0,NA,NA,0,NA,fat analysis,33.9,12.9,8.2,73,4.7,72,35.48028401,35.23574003
1003,Control,27/07/2018,11,a11,1010,08/10/2018,6,1,0,0,35.9,NA,NA,1,06/11/2018,16/11/2018,0,f,emergence only,35.9,NA,NA,73,NA,72,35.48028401,36.68722312
1004,Control,27/07/2018,12,a12,1011,06/10/2018,6,1,0,0,35.7,NA,NA,0,NA,NA,0,NA,fat analysis,35.7,13.1,8.5,71,4.6,72,35.59624509,36.14921709
1005,Control,27/07/2018,16,b4,1012,08/10/2018,6,1,0,0,38.2,NA,NA,0,NA,NA,0,NA,fat analysis,38.2,14.2,9.2,73,5,72,35.48028401,37.13062746
1006,Control,27/07/2018,27,c3,1013,08/10/2018,6,1,0,0,36.2,NA,NA,0,NA,NA,0,NA,fat analysis,36.2,13.7,8.7,73,5,72,35.48028401,35.37402143
1007,Control,27/07/2018,31,c7,1014,07/10/2018,6,1,0,0,37.2,NA,NA,1,06/11/2018,15/11/2018,0,f,emergence only,37.2,NA,NA,72,NA,72,35.5422781,37.38959674
1008,Control,27/07/2018,43,d7,1015,08/10/2018,6,1,0,0,34.2,5.92,3.71,1,07/11/2018,19/11/2018,1,f,measurment and emergence,34.2,NA,NA,73,NA,72,35.48028401,35.24177235
1009,Control,27/07/2018,46,d10,1016,06/10/2018,6,1,0,0,35.4,5.92,3.69,1,06/11/2018,16/11/2018,0,f,measurment and emergence,35.4,NA,NA,71,NA,72,35.59624509,36.92346717
1010,Control,27/07/2018,53,e5,1017,08/10/2018,6,1,0,0,38.6,NA,NA,0,NA,NA,0,NA,fat analysis,38.6,14.5,9.2,73,5.3,72,35.48028401,38.2334733
1011,Control,27/07/2018,57,e9,1018,06/10/2018,5,1,0,0,36.1,NA,NA,1,07/11/2018,16/11/2018,0,m,emergence only,36.1,NA,NA,71,NA,72,35.59624509,36.14017222
1012,Control,27/07/2018,69,f9,1019,06/10/2018,6,1,0,0,36.5,6.11,3.68,1,05/11/2018,15/11/2018,0,f,measurment and emergence,36.5,NA,NA,71,NA,72,35.59624509,35.88347041
1013,Control,27/07/2018,73,g1,1020,06/10/2018,6,1,0,0,40.7,6.22,3.86,1,06/11/2018,16/11/2018,0,f,measurment and emergence,40.7,NA,NA,71,NA,72,35.59624509,39.43034728
1014,Control,27/07/2018,76,g4,1021,06/10/2018,4,1,0,0,28.7,NA,NA,0,NA,NA,0,NA,fat analysis,28.7,9.6,6.4,71,3.2,72,35.59624509,33.35065427
1015,Control,27/07/2018,84,g12,1022,06/10/2018,5,1,0,0,30.5,5.9,3.61,1,08/11/2018,16/11/2018,0,m,measurment and emergence,30.5,NA,NA,71,NA,72,35.59624509,34.73178609
1016,Control,27/07/2018,85,h1,1023,07/10/2018,6,1,0,0,32.5,NA,NA,0,NA,NA,0,NA,fat analysis,32.5,11.7,7.5,72,4.2,72,35.5422781,34.21348066
1017,Control,27/07/2018,87,h3,1024,06/10/2018,6,1,0,0,33.7,6.07,3.58,1,05/11/2018,15/11/2018,0,f,measurment and emergence,33.7,NA,NA,71,NA,72,35.59624509,34.75231721
1018,Control,27/07/2018,89,h5,1025,07/10/2018,5,1,0,0,36.5,NA,NA,0,NA,NA,0,NA,fat analysis,36.5,13.3,9,72,4.3,72,35.5422781,37.43031394
1019,Control,27/07/2018,90,h6,1026,07/10/2018,6,1,0,0,31.2,NA,NA,0,NA,NA,0,NA,fat analysis,31.2,11,7.3,72,3.7,72,35.5422781,33.98000431
1020,Control,27/07/2018,91,h7,1027,08/10/2018,6,1,0,0,38.8,NA,NA,1,12/11/2018,20/11/2018,0,m,emergence only,38.8,NA,NA,73,NA,72,35.48028401,40.14076177
1022,Control,27/07/2018,36,c12,1029,07/10/2018,6,1,0,0,36.8,6.28,3.74,1,06/11/2018,19/11/2018,1,f,measurment and emergence,36.8,NA,NA,72,NA,72,35.5422781,36.27225842
1057,Control,27/07/2018,7,a7,1064,09/10/2018,4,0,0,0,32.5,NA,NA,1,08/11/2018,19/11/2018,0,f,emergence only,32.5,NA,NA,74,NA,72,35.4102628,32.94435535
1058,Control,27/07/2018,32,c8,1065,09/10/2018,6,0,0,0,41.2,6.3,3.68,1,12/11/2018,19/11/2018,0,m,measurment and emergence,41.2,NA,NA,74,NA,72,35.4102628,39.63731638
1059,Control,27/07/2018,50,e2,1066,09/10/2018,6,0,0,0,33.3,NA,NA,1,08/11/2018,19/11/2018,0,f,emergence only,33.3,NA,NA,74,NA,72,35.4102628,35.5756576
1060,Control,27/07/2018,56,e8,1067,09/10/2018,5,0,0,0,34.6,NA,NA,1,08/11/2018,20/11/2018,0,f,emergence only,34.6,NA,NA,74,NA,72,35.4102628,34.47168788
1061,Control,27/07/2018,62,f2,1068,09/10/2018,5,0,0,0,30.9,5.87,3.39,1,09/11/2018,16/11/2018,0,m,measurment and emergence,30.9,NA,NA,74,NA,72,35.4102628,33.29878583
1062,Control,27/07/2018,63,f3,1069,09/10/2018,6,0,0,0,34.9,NA,NA,0,NA,NA,0,NA,fat analysis,34.9,12.7,8.1,74,4.6,72,35.4102628,34.52836031
1063,Control,27/07/2018,74,g2,1070,09/10/2018,6,0,0,0,35.3,5.98,3.63,1,08/11/2018,19/11/2018,1,f,measurment and emergence,35.3,NA,NA,74,NA,72,35.4102628,35.95850336
1064,Control,27/07/2018,77,g5,1071,09/10/2018,6,0,0,0,33.9,NA,NA,1,06/11/2018,14/11/2018,0,f,emergence only,33.9,NA,NA,74,NA,72,35.4102628,36.43679909
1065,Control,27/07/2018,88,h4,1072,09/10/2018,6,0,0,0,31.1,NA,NA,0,NA,NA,0,NA,fat analysis,31.1,NA,NA,74,NA,72,35.4102628,35.12700718
1081,Control,27/07/2018,5,a5,1088,10/10/2018,5,0,0,0,41.2,6.72,3.86,1,12/11/2018,23/11/2018,0,m,measurment and emergence,41.2,NA,NA,75,NA,72,35.33221448,38.34278399
1082,Control,27/07/2018,30,c6,1089,10/10/2018,6,0,0,0,40.1,NA,NA,1,12/11/2018,21/11/2018,0,m,emergence only,40.1,NA,NA,75,NA,72,35.33221448,37.66884056
1083,Control,27/07/2018,54,e6,1090,10/10/2018,6,0,0,0,37.6,6.27,3.63,1,12/11/2018,21/11/2018,0,m,measurment and emergence,37.6,NA,NA,75,NA,72,35.33221448,35.82315265
1084,Control,27/07/2018,65,f5,1091,10/10/2018,6,0,0,0,38.3,NA,NA,0,NA,NA,0,NA,fat analysis,38.3,12.7,7.9,75,4.8,72,35.33221448,37.61389486
1085,Control,27/07/2018,70,f10,1092,10/10/2018,5,0,0,0,39.7,6.23,3.58,1,09/11/2018,19/11/2018,1,f,measurment and emergence,39.7,NA,NA,75,NA,72,35.33221448,37.34967784
1086,Control,27/07/2018,83,g11,1093,10/10/2018,6,0,0,0,34.5,6.09,3.51,1,08/11/2018,16/11/2018,0,f,measurment and emergence,34.5,NA,NA,75,NA,72,35.33221448,34.48527085
1096,Control,27/07/2018,52,e4,1104,11/10/2018,6,0,0,0,34.7,6.08,3.5,1,12/11/2018,21/11/2018,0,m,measurment and emergence,34.7,NA,NA,76,NA,72,35.24613904,36.59845928
1097,Control,27/07/2018,71,f11,1105,11/10/2018,6,0,0,0,34.7,NA,NA,0,NA,NA,0,NA,fat analysis,34.7,13.1,7.9,76,5.2,72,35.24613904,37.23753859
1108,Control,27/07/2018,10,a10,1116,12/10/2018,6,0,0,0,36.1,NA,NA,0,NA,NA,0,NA,fat analysis,36.1,13.8,8.6,77,5.2,72,35.1520365,34.12656649
1110,Control,27/07/2018,42,d6,1118,12/10/2018,6,0,0,0,38.4,NA,NA,0,NA,NA,0,NA,fat analysis,38.4,14.9,9.7,77,5.2,72,35.1520365,37.38314946
1111,Control,27/07/2018,59,e11,1119,12/10/2018,6,0,0,0,36.8,NA,NA,0,NA,NA,0,NA,fat analysis,36.8,NA,NA,77,NA,72,35.1520365,35.64242669
1112,Control,27/07/2018,96,h12,1120,12/10/2018,6,0,0,0,38.4,NA,NA,0,NA,NA,0,NA,fat analysis,38.4,14.8,9.2,77,5.6,72,35.1520365,36.3071956
1124,Control,27/07/2018,1,a1,1132,13/10/2018,6,1,0,0,33,NA,NA,1,12/11/2018,21/11/2018,0,f,emergence only,33,NA,NA,78,NA,82,35.04990684,32.31697928
1125,Control,27/07/2018,18,b6,1133,13/10/2018,6,1,0,0,35,NA,NA,1,12/11/2018,22/11/2018,0,f,emergence only,35,NA,NA,78,NA,82,35.04990684,36.02848896
1126,Control,27/07/2018,19,b7,1134,15/10/2018,6,1,0,0,35.7,NA,NA,0,NA,NA,0,NA,fat analysis,35.7,13.1,8.9,80,4.2,82,34.82156619,33.54449778
1127,Control,27/07/2018,20,b8,1135,15/10/2018,6,1,0,0,31.7,NA,NA,1,19/11/2018,26/11/2018,1,m,emergence only,31.7,NA,NA,80,NA,82,34.82156619,32.96177724
1128,Control,27/07/2018,39,d3,1136,15/10/2018,4,1,0,0,35.6,6.27,3.51,1,19/11/2018,27/11/2018,0,m,measurment and emergence,35.6,NA,NA,80,NA,82,34.82156619,34.62128191
1129,Control,27/07/2018,40,d4,1137,15/10/2018,6,1,0,0,38.8,6.07,3.71,1,19/11/2018,27/11/2018,0,m,measurment and emergence,38.8,NA,NA,80,NA,82,34.82156619,36.72624138
1130,Control,27/07/2018,44,d8,1138,14/10/2018,6,1,0,0,39.7,6.47,3.57,1,15/11/2018,26/11/2018,1,m,measurment and emergence,39.7,NA,NA,79,NA,82,34.93975007,36.01489506
1131,Control,27/07/2018,58,e10,1139,13/10/2018,6,1,0,0,35.3,6.03,3.71,1,13/11/2018,20/11/2018,0,f,measurment and emergence,35.3,NA,NA,78,NA,82,35.04990684,37.10188039
1132,Control,27/07/2018,60,e12,1140,15/10/2018,6,1,0,0,38.3,NA,NA,1,14/11/2018,26/11/2018,1,f,emergence only,38.3,NA,NA,80,NA,82,34.82156619,34.26827357
1133,Control,27/07/2018,95,h11,1141,15/10/2018,6,1,0,0,35.4,6.14,3.37,1,14/11/2018,26/11/2018,1,m,measurment and emergence,35.4,NA,NA,80,NA,82,34.82156619,34.61210399
1134,Control,27/07/2018,64,f4,1142,14/10/2018,6,1,0,0,34.1,6.2,3.53,1,13/11/2018,21/11/2018,0,f,measurment and emergence,34.1,NA,NA,79,NA,82,34.93975007,36.18891847
1135,Control,27/07/2018,75,g3,1143,14/10/2018,6,1,0,0,33.8,NA,NA,1,14/11/2018,23/11/2018,0,f,emergence only,33.8,NA,NA,79,NA,82,34.93975007,33.52121735
1136,Control,27/07/2018,78,g6,1144,13/10/2018,6,1,0,0,33.4,NA,NA,1,13/11/2018,23/11/2018,0,f,emergence only,33.4,NA,NA,78,NA,82,35.04990684,35.22576085
1137,Control,27/07/2018,80,g8,1145,14/10/2018,6,1,0,0,36,NA,NA,0,NA,NA,0,NA,fat analysis,36,12.2,8.7,79,3.5,82,34.93975007,35.12253703
1138,Control,27/07/2018,93,h9,1146,14/10/2018,6,1,0,0,21.1,NA,NA,1,14/11/2018,22/11/2018,0,m,emergence only,21.1,NA,NA,79,NA,82,34.93975007,31.08960933
1139,Control,27/07/2018,94,h10,1147,15/10/2018,6,1,0,0,35.8,5.9,3.77,1,14/11/2018,26/11/2018,1,f,measurment and emergence,35.8,NA,NA,80,NA,82,34.82156619,35.29503569
1140,Control,27/07/2018,61,f1,1148,15/10/2018,6,1,0,0,31.6,5.95,3.38,1,14/11/2018,23/11/2018,0,f,measurment and emergence,31.6,NA,NA,80,NA,82,34.82156619,33.44664517
1141,Control,27/07/2018,23,b11,1149,14/10/2018,6,1,0,0,35,NA,NA,1,14/11/2018,26/11/2018,1,f,emergence only,35,NA,NA,79,NA,82,34.93975007,36.88624906
1169,Control,27/07/2018,66,f6,1177,15/10/2018,6,1,0,0,35.6,NA,NA,1,14/11/2018,26/11/2018,1,f,emergence only,35.6,NA,NA,80,NA,82,34.82156619,33.76237996
1174,Control,27/07/2018,12,a12,1182,16/10/2018,7,0,0,0,35.4,NA,NA,0,NA,NA,0,NA,fat analysis,35.4,12.1,7.8,81,4.3,82,34.6953552,35.23513865
1175,Control,27/07/2018,13,b1,1183,16/10/2018,6,0,0,0,36.1,6.24,3.51,1,19/11/2018,26/11/2018,1,m,measurment and emergence,36.1,NA,NA,81,NA,82,34.6953552,35.07627031
1176,Control,27/07/2018,26,c2,1184,16/10/2018,6,0,0,0,34.3,NA,NA,0,NA,NA,0,NA,fat analysis,34.3,12,7.9,81,4.1,82,34.6953552,33.09206367
1177,Control,27/07/2018,46,d10,1185,16/10/2018,7,0,0,0,35,NA,NA,0,NA,NA,0,NA,fat analysis,35,13,8.7,81,4.3,82,34.6953552,36.18042819
1178,Control,27/07/2018,48,d12,1186,16/10/2018,6,0,0,0,36.5,NA,NA,0,NA,NA,0,NA,emergence only,NA,NA,NA,81,NA,82,34.6953552,36.08856705
1179,Control,27/07/2018,57,e9,1187,16/10/2018,6,0,0,0,38.1,NA,NA,1,16/11/2018,26/11/2018,1,f,emergence only,38.1,NA,NA,81,NA,82,34.6953552,35.55060037
1180,Control,27/07/2018,67,f7,1188,16/10/2018,7,0,0,0,36.2,NA,NA,0,NA,NA,0,NA,fat analysis,36.2,13.4,8.3,81,5.1,82,34.6953552,34.28937673
1181,Control,27/07/2018,72,f12,1189,16/10/2018,6,0,0,0,38.3,6.2,3.73,1,14/11/2018,26/11/2018,1,f,measurment and emergence,38.3,NA,NA,81,NA,82,34.6953552,38.92055732
1182,Control,27/07/2018,84,g12,1190,16/10/2018,6,0,0,0,35.1,NA,NA,0,NA,NA,0,NA,fat analysis,35.1,11.9,NA,81,NA,82,34.6953552,33.8195045
1183,Control,27/07/2018,87,h3,1191,16/10/2018,7,0,0,0,32.9,5.72,3.65,1,15/11/2018,26/11/2018,1,f,measurment and emergence,32.9,NA,NA,81,NA,82,34.6953552,33.85790182
1184,Control,27/07/2018,95,h11,1192,16/10/2018,5,0,0,0,35.4,6.31,3.56,1,14/11/2018,26/11/2018,1,f,measurment and emergence,35.4,NA,NA,81,NA,82,34.6953552,34.4971828
1206,Control,27/07/2018,4,a4,1214,17/10/2018,6,0,0,0,33.7,NA,NA,1,14/11/2018,26/11/2018,1,f,emergence only,33.7,NA,NA,82,NA,82,34.56111709,32.23657753
1210,Control,27/07/2018,2,a2,1218,18/10/2018,7,0,0,0,38,NA,NA,0,NA,NA,0,NA,fat analysis,38,13.9,NA,83,NA,82,34.41885187,37.88484444
1211,Control,27/07/2018,6,a6,1219,18/10/2018,7,0,0,0,28.7,5.83,3.35,1,19/11/2018,27/11/2018,0,m,measurment and emergence,28.7,NA,NA,83,NA,82,34.41885187,32.15419395
1212,Control,27/07/2018,8,a8,1220,18/10/2018,6,0,0,0,34.3,5.9,3.68,1,19/11/2018,28/11/2018,0,f,measurment and emergence,34.3,NA,NA,83,NA,82,34.41885187,34.17920929
1213,Control,27/07/2018,16,b4,1221,18/10/2018,7,0,0,0,33.8,5.9,3.6,1,19/11/2018,26/11/2018,1,f,measurment and emergence,33.8,NA,NA,83,NA,82,34.41885187,35.99595036
1214,Control,27/07/2018,17,b5,1222,18/10/2018,6,0,0,0,32.7,5.87,3.52,1,19/11/2018,27/11/2018,0,f,measurment and emergence,32.7,NA,NA,83,NA,82,34.41885187,32.98435043
1215,Control,27/07/2018,27,c3,1223,18/10/2018,7,0,0,0,31.3,NA,NA,0,NA,NA,0,NA,fat analysis,31.3,10.7,7.3,83,3.4,82,34.41885187,34.03735373
1216,Control,27/07/2018,43,d7,1224,18/10/2018,7,0,0,0,34.9,5.97,3.58,1,19/11/2018,27/11/2018,0,f,measurment and emergence,34.9,NA,NA,83,NA,82,34.41885187,34.09318975
1217,Control,27/07/2018,55,e7,1225,18/10/2018,7,0,0,0,33.9,6.15,3.44,1,19/11/2018,28/11/2018,0,f,measurment and emergence,33.9,NA,NA,83,NA,82,34.41885187,36.04861836
1218,Control,27/07/2018,81,g9,1226,18/10/2018,6,0,0,0,30.7,NA,NA,1,19/11/2018,27/11/2018,0,f,emergence only,30.7,NA,NA,83,NA,82,34.41885187,33.94145969
1219,Control,27/07/2018,89,h5,1227,18/10/2018,6,0,0,0,33.4,6.17,3.46,1,19/11/2018,26/11/2018,1,m,measurment and emergence,33.4,NA,NA,83,NA,82,34.41885187,36.1005439
1220,Control,27/07/2018,91,h7,1228,18/10/2018,7,0,0,0,40.8,NA,NA,0,NA,NA,0,NA,fat analysis,40.8,15.2,15,83,0.2,82,34.41885187,39.2049535
1221,Control,27/07/2018,36,c12,1229,18/10/2018,7,0,0,0,34.3,NA,NA,0,NA,NA,0,NA,fat analysis,34.3,12.2,8.1,83,4.1,82,34.41885187,35.10292466
1239,Control,27/07/2018,41,d5,1247,19/10/2018,6,0,0,0,27.3,5.75,3.22,0,NA,NA,0,NA,measurment and emergence,NA,NA,NA,84,NA,82,34.26855954,31.29931653
1240,Control,27/07/2018,86,h2,1248,19/10/2018,7,0,0,0,30.8,NA,NA,0,NA,NA,0,NA,fat analysis,30.8,11,7.1,84,3.9,82,34.26855954,32.59236562
1241,Control,27/07/2018,90,h6,1249,19/10/2018,7,0,0,0,33.6,5.93,3.53,1,16/11/2018,27/11/2018,0,f,measurment and emergence,33.6,NA,NA,84,NA,82,34.26855954,33.04735798
1255,Control,27/07/2018,30,c6,1263,21/10/2018,7,1,0,0,36.1,NA,NA,0,NA,NA,0,NA,fat analysis,36.1,13.5,8.7,86,4.8,82,33.94389355,36.23592537
1256,Control,27/07/2018,37,d1,1264,22/10/2018,5,1,0,0,27,NA,NA,0,NA,NA,0,NA,fat analysis,27,9.4,NA,87,NA,82,33.76951988,28.72797161
1257,Control,27/07/2018,51,e3,1265,22/10/2018,3,1,0,0,27,NA,NA,0,NA,NA,0,NA,fat analysis,27,7.4,NA,87,NA,82,33.76951988,28.36614923
1258,Control,27/07/2018,52,e4,1266,21/10/2018,7,1,0,0,35.4,NA,NA,1,19/11/2018,29/11/2018,0,f,emergence only,35.4,NA,NA,86,NA,82,33.94389355,35.5121284
1259,Control,27/07/2018,54,e6,1267,21/10/2018,7,1,0,0,34.4,5.94,3.58,1,19/11/2018,29/11/2018,0,f,measurment and emergence,34.4,NA,NA,86,NA,82,33.94389355,34.46802698
1260,Control,27/07/2018,59,e11,1268,22/10/2018,7,1,0,0,34.4,NA,NA,0,NA,NA,0,NA,fat analysis,34.4,12.4,7.8,87,4.6,82,33.76951988,34.23102495
1261,Control,27/07/2018,65,f5,1269,20/10/2018,7,1,0,0,36.3,NA,NA,0,NA,NA,0,NA,fat analysis,36.3,13.5,8.9,85,4.6,82,34.1102401,36.26874803
1262,Control,27/07/2018,71,f11,1270,21/10/2018,7,1,0,0,37.1,6.19,3.57,1,23/11/2018,03/12/2018,1,m,measurment and emergence,37.1,NA,NA,86,NA,82,33.94389355,36.36281807
1263,Control,27/07/2018,74,g2,1271,20/10/2018,7,1,0,0,32.5,NA,NA,1,20/11/2018,30/11/2018,0,m,emergence only,32.5,NA,NA,85,NA,82,34.1102401,34.38583096
1264,Control,27/07/2018,83,g11,1272,20/10/2018,7,1,0,0,33.6,6.13,3.56,1,19/11/2018,28/11/2018,0,f,measurment and emergence,33.6,NA,NA,85,NA,82,34.1102401,33.17747944
1281,Control,27/07/2018,24,b12,1289,23/10/2018,7,0,0,0,28,5.74,3.14,1,23/11/2018,03/12/2018,1,m,measurment and emergence,28,NA,NA,88,NA,92,33.58711911,31.60484818
1282,Control,27/07/2018,15,b3,1290,23/10/2018,6,0,0,0,34.1,6.02,3.32,1,26/11/2018,03/12/2018,1,m,measurment and emergence,34.1,NA,NA,88,NA,92,33.58711911,33.32099829
1283,Control,27/07/2018,23,b11,1291,23/10/2018,7,0,0,0,39.8,6.17,3.67,1,21/11/2018,03/12/2018,1,f,measurment and emergence,39.8,NA,NA,88,NA,92,33.58711911,35.75674032
1284,Control,27/07/2018,42,d6,1292,23/10/2018,7,0,0,0,38,6.4,3.6,1,23/11/2018,03/12/2018,1,m,measurment and emergence,38,NA,NA,88,NA,92,33.58711911,36.30495273
1285,Control,27/07/2018,58,e10,1293,23/10/2018,7,0,0,0,39.2,6.22,3.6,1,26/11/2018,04/12/2018,0,m,measurment and emergence,39.2,NA,NA,88,NA,92,33.58711911,36.14035942
1286,Control,27/07/2018,96,h12,1294,23/10/2018,7,0,0,0,34.9,NA,NA,1,26/11/2018,05/12/2018,0,m,emergence only,34.9,NA,NA,88,NA,92,33.58711911,35.11045413
1321,Control,27/07/2018,1,a1,1329,25/10/2018,7,0,0,0,27.3,5.56,3.25,1,23/11/2018,03/12/2018,1,f,measurment and emergence,27.3,NA,NA,90,NA,92,33.19823621,29.76376358
1323,Control,27/07/2018,49,e1,1331,25/10/2018,7,0,0,0,28.6,6.08,2.95,1,26/11/2018,05/12/2018,0,m,measurment and emergence,28.6,NA,NA,90,NA,92,33.19823621,30.31285197
1325,Control,27/07/2018,93,h9,1333,25/10/2018,7,0,0,0,31.1,6.13,3.22,1,26/11/2018,04/12/2018,0,m,measurment and emergence,31.1,NA,NA,90,NA,92,33.19823621,28.70332557
1337,Control,27/07/2018,3,a3,1345,26/10/2018,5,0,0,0,29.9,5.94,3.29,1,26/11/2018,06/12/2018,0,m,measurment and emergence,29.9,NA,NA,91,NA,92,32.9917541,31.35640468
1338,Control,27/07/2018,31,c7,1346,26/10/2018,8,0,0,0,35.1,5.96,3.73,1,27/11/2018,06/12/2018,0,m,measurment and emergence,35.1,NA,NA,91,NA,92,32.9917541,34.774108
1339,Control,27/07/2018,39,d3,1347,26/10/2018,5,0,0,0,33.3,5.9,3.49,1,26/11/2018,05/12/2018,0,f,measurment and emergence,33.3,NA,NA,91,NA,92,32.9917541,32.65190515
1340,Control,27/07/2018,46,d10,1348,26/10/2018,8,0,0,0,37.4,NA,NA,1,26/11/2018,06/12/2018,0,f,emergence only,37.4,NA,NA,91,NA,92,32.9917541,34.63964955
1341,Control,27/07/2018,87,h3,1349,26/10/2018,8,0,0,0,34.1,5.89,3.64,1,26/11/2018,05/12/2018,0,f,measurment and emergence,34.1,NA,NA,91,NA,92,32.9917541,32.16604885
1342,Control,27/07/2018,94,h10,1350,26/10/2018,7,0,0,0,36.2,NA,NA,1,26/11/2018,06/12/2018,0,m,emergence only,36.2,NA,NA,91,NA,92,32.9917541,33.99543926
1344,Control,27/07/2018,63,f3,1352,26/10/2018,7,0,0,0,32,NA,NA,0,NA,NA,0,NA,fat analysis,32,12,7.7,91,4.3,92,32.9917541,31.83761232
1345,Control,27/07/2018,71,f11,1353,26/10/2018,8,0,0,0,39.8,NA,NA,1,26/11/2018,10/12/2018,1,m,emergence only,39.8,NA,NA,91,NA,92,32.9917541,35.63286657
1356,Control,27/07/2018,69,f9,1364,26/10/2018,8,0,0,0,33,NA,NA,1,26/11/2018,05/12/2018,0,f,emergence only,33,NA,NA,91,NA,92,32.9917541,33.12914933
1359,Control,27/07/2018,8,a8,1367,29/10/2018,7,1,0,0,31.5,5.75,3.39,1,29/11/2018,07/12/2018,0,m,measurment and emergence,31.5,NA,NA,94,NA,92,32.32414509,32.08585111
1360,Control,27/07/2018,11,a11,1368,28/10/2018,8,1,0,0,36,NA,NA,0,NA,NA,0,NA,fat analysis,36,13.6,8.7,93,4.9,92,32.55470854,34.62602582
1361,Control,27/07/2018,13,b1,1369,27/10/2018,7,1,0,0,33.6,6.04,3.46,1,27/11/2018,07/12/2018,0,m,measurment and emergence,33.6,NA,NA,92,NA,92,32.77724488,33.55853776
1362,Control,27/07/2018,17,b5,1370,29/10/2018,7,1,0,0,31.8,6.03,3.31,1,27/11/2018,06/12/2018,0,f,measurment and emergence,31.8,NA,NA,94,NA,92,32.32414509,30.93241842
1363,Control,27/07/2018,43,d7,1371,29/10/2018,8,1,0,0,32.2,NA,NA,1,29/11/2018,06/12/2018,0,m,emergence only,32.2,NA,NA,94,NA,92,32.32414509,31.90108235
1364,Control,27/07/2018,55,e7,1372,28/10/2018,8,1,0,0,37.4,6.35,3.46,1,27/11/2018,06/12/2018,0,f,measurment and emergence,37.4,NA,NA,93,NA,92,32.55470854,34.37843352
1365,Control,27/07/2018,60,e12,1373,29/10/2018,7,1,0,0,30.2,NA,NA,0,NA,NA,0,NA,fat analysis,30.2,10.6,7.1,94,3.5,92,32.32414509,31.65082393
1366,Control,27/07/2018,67,f7,1374,27/10/2018,8,1,0,0,28.8,NA,NA,0,NA,NA,0,NA,fat analysis,28.8,9.6,NA,92,NA,92,32.77724488,31.85768731
1367,Control,27/07/2018,89,h5,1375,29/10/2018,7,1,0,0,36.7,NA,NA,1,29/11/2018,07/12/2018,0,m,emergence only,36.7,NA,NA,94,NA,92,32.32414509,33.79797636
1368,Control,27/07/2018,91,h7,1376,28/10/2018,8,1,0,0,37.9,6.14,3.42,1,27/11/2018,07/12/2018,0,f,measurment and emergence,37.9,NA,NA,93,NA,92,32.55470854,37.46806706
1369,Control,27/07/2018,95,h11,1377,27/10/2018,7,1,0,0,31.1,NA,NA,0,NA,NA,0,NA,fat analysis,31.1,11.2,7.4,92,3.8,92,32.77724488,32.70454916
1373,Control,27/07/2018,56,e8,1382,28/10/2018,7,1,0,0,31.3,NA,NA,0,NA,NA,0,NA,fat analysis,31.3,11.2,7.1,93,4.1,92,32.55470854,31.62700892
1374,Control,27/07/2018,7,a7,1383,28/10/2018,5,1,0,0,25.3,NA,NA,0,NA,NA,0,NA,fat analysis,25.3,9.1,NA,93,NA,92,32.55470854,29.06432137
1400,Control,27/07/2018,32,c8,1410,30/10/2018,7,0,0,0,37.8,6,3.69,0,NA,NA,0,NA,measurment and emergence,NA,NA,NA,95,NA,92,32.08555453,36.60709497
1414,Control,27/07/2018,48,d12,1424,31/10/2018,7,0,0,0,36.8,NA,NA,1,03/12/2018,10/12/2018,1,m,emergence only,36.8,NA,NA,96,NA,92,31.83893685,33.88164122
1415,Control,27/07/2018,52,e4,1425,31/10/2018,8,0,0,0,36.5,NA,NA,1,03/12/2018,11/12/2018,0,m,emergence only,36.5,NA,NA,96,NA,92,31.83893685,33.63670481
1430,Control,27/07/2018,59,e11,1440,01/11/2018,8,0,0,0,32.3,NA,NA,0,NA,NA,0,NA,fat analysis,32.3,12.6,7.9,97,4.7,92,31.58429207,32.01919227
1440,Control,27/07/2018,58,e10,1450,02/11/2018,8,0,0,0,35.6,NA,NA,0,NA,NA,0,NA,fat analysis,35.6,12.7,8.3,98,4.4,NA,31.32162017,34.4036546
1441,Control,27/07/2018,88,h4,1451,02/11/2018,8,0,0,0,28.3,6.32,3.11,1,03/12/2018,11/12/2018,0,f,measurment and emergence,28.3,NA,NA,98,NA,NA,31.32162017,29.33397782
